Drug Name,SMILES
CIL55,CN(C)CCNC(=O)C1=CC2=C(S1)C3=C(C=C(C=C3)Cl)SC2
BRD4132,CC(C)N1C(=O)C(=CC2=CC=C(O2)SC3=NC4=CC=CC=C4N3)SC1=O
BRD6340,C1=CC=C2C(=C1)C3=CC=CC=C3N2CCC4=NC5=CC=CC=C5N4
BRD9876,CC(C)(C)C1=CC2=CC(=C(C=C2C=C1)C#N)C#N
betulinic acid,CC(=C)C1CCC2(C1C3CCC4C5(CCC(C(C5CCC4(C3(CC2)C)C)(C)C)O)C)C(=O)O
gossypol,CC1=CC2=C(C(=C(C(=C2C(C)C)O)O)C=O)C(=C1C3=C(C4=C(C=C3C)C(=C(C(=C4C=O)O)O)C(C)C)O)O
chlorambucil,C1=CC(=CC=C1CCCC(=O)O)N(CCCl)CCCl
fluorouracil,C1=C(C(=O)NC(=O)N1)F
cimetidine,CC1=C(N=CN1)CSCCNC(=NC)NC#N
azacitidine,C1=NC(=NC(=O)N1C2C(C(C(O2)CO)O)O)N
trifluoperazine,CN1CCN(CC1)CCCN2C3=CC=CC=C3SC4=C2C=C(C=C4)C(F)(F)F
paclitaxel,CC1=C2C(C(=O)C3(C(CC4C(C3C(C(C2(C)C)(CC1OC(=O)C(C(C5=CC=CC=C5)NC(=O)C6=CC=CC=C6)O)O)OC(=O)C7=CC=CC=C7)(CO4)OC(=O)C)O)C)OC(=O)C
tamoxifen,CCC(=C(C1=CC=CC=C1)C2=CC=C(C=C2)OCCN(C)C)C3=CC=CC=C3
carboplatin,C1CC(C1)(C(=O)O)C(=O)O.[NH2-].[NH2-].[Pt+2]
teniposide,COC1=CC(=CC(=C1O)OC)C2C3C(COC3=O)C(C4=CC5=C(C=C24)OCO5)OC6C(C(C7C(O6)COC(O7)C8=CC=CS8)O)O
sildenafil,CCCC1=NN(C2=C1N=C(NC2=O)C3=C(C=CC(=C3)S(=O)(=O)N4CCN(CC4)C)OCC)C
simvastatin,CCC(C)(C)C(=O)OC1CC(C=C2C1C(C(C=C2)C)CCC3CC(CC(=O)O3)O)C
parbendazole,CCCCC1=CC2=C(C=C1)N=C(N2)NC(=O)OC
procarbazine,CC(C)NC(=O)C1=CC=C(C=C1)CNNC
curcumin,COC1=C(C=CC(=C1)C=CC(=O)CC(=O)C=CC2=CC(=C(C=C2)O)OC)O
ciclopirox,CC1=CC(=O)N(C(=C1)C2CCCCC2)O
epigallocatechin-3-monogallate,C1C(C(OC2=CC(=CC(=C21)O)O)C3=CC(=C(C(=C3)O)O)O)OC(=O)C4=CC(=C(C(=C4)O)O)O
myricetin,C1=C(C=C(C(=C1O)O)O)C2=C(C(=O)C3=C(C=C(C=C3O2)O)O)O
methotrexate,CN(CC1=CN=C2C(=N1)C(=NC(=N2)N)N)C3=CC=C(C=C3)C(=O)NC(CCC(=O)O)C(=O)O
lovastatin,CCC(C)C(=O)OC1CC(C=C2C1C(C(C=C2)C)CCC3CC(CC(=O)O3)O)C
dacarbazine,CN(C)N=NC1=C(NC=N1)C(=O)N
prochlorperazine,CN1CCN(CC1)CCCN2C3=CC=CC=C3SC4=C2C=C(C=C4)Cl
ifosfamide,C1CN(P(=O)(OC1)NCCCl)CCCl
doxorubicin,CC1C(C(CC(O1)OC2CC(CC3=C2C(=C4C(=C3O)C(=O)C5=C(C4=O)C(=CC=C5)OC)O)(C(=O)CO)O)N)O
ouabain,CC1C(C(C(C(O1)OC2CC(C3(C4C(CCC3(C2)O)C5(CCC(C5(CC4O)C)C6=CC(=O)OC6)O)CO)O)O)O)O
BRD9647,COC1=CC=C(C=C1)N(C(=O)C2=CC=CC=C2)S(=O)(=O)C3=C(C=CC(=C3)OC)OC
piperlongumine,COC1=CC(=CC(=C1OC)OC)C=CC(=O)N2CCC=CC2=O
pyrazolanthrone,C1=CC=C2C(=C1)C3=NNC4=CC=CC(=C43)C2=O
C6-ceramide,CCCCCCCCCCCCCC=CC(C(CO)NC(=O)CCCCC)O
topotecan,CCC1(C2=C(COC1=O)C(=O)N3CC4=CC5=C(C=CC(=C5CN(C)C)O)N=C4C3=C2)O
importazole,CC(C1=CC=CC=C1)NC2=NC(=NC3=CC=CC=C32)N4CCCC4
etoposide,CC1OCC2C(O1)C(C(C(O2)OC3C4COC(=O)C4C(C5=CC6=C(C=C35)OCO6)C7=CC(=C(C(=C7)OC)O)OC)O)O
PRIMA-1,C1CN2CCC1C(=O)C2(CO)CO
tanespimycin,CC1CC(C(C(C=C(C(C(C=CC=C(C(=O)NC2=CC(=O)C(=C(C1)C2=O)NCC=C)C)OC)OC(=O)N)C)C)O)OC
blebbistatin,CC1=CC2=C(C=C1)N=C3C(C2=O)(CCN3C4=CC=CC=C4)O
cytochalasin B,CC1CCCC(C=CC(=O)OC23C(C=CC1)C(C(=C)C(C2C(NC3=O)CC4=CC=CC=C4)C)O)O
NSC95397,C1=CC=C2C(=C1)C(=O)C(=C(C2=O)SCCO)SCCO
manumycin A,CCCCC(C)C=C(C)C=C(C)C(=O)NC1=CC(C2C(C1=O)O2)(C=CC=CC=CC(=O)NC3=C(CCC3=O)O)O
mitomycin,CC1=C(C(=O)C2=C(C1=O)N3CC4C(C3(C2COC(=O)N)OC)N4)N
tacrolimus,CC1CC(C2C(CC(C(O2)(C(=O)C(=O)N3CCCCC3C(=O)OC(C(C(CC(=O)C(C=C(C1)C)CC=C)O)C)C(=CC4CCC(C(C4)OC)O)C)O)C)OC)OC
SB-431542,C1OC2=C(O1)C=C(C=C2)C3=C(NC(=N3)C4=CC=C(C=C4)C(=O)N)C5=CC=CC=N5
staurosporine,CC12C(C(CC(O1)N3C4=CC=CC=C4C5=C6C(=C7C8=CC=CC=C8N2C7=C53)CNC6=O)NC)OC
SB-225002,C1=CC=C(C(=C1)NC(=O)NC2=C(C=C(C=C2)[N+](=O)[O-])O)Br
cerulenin,CC=CCC=CCCC(=O)C1C(O1)C(=O)N
purmorphamine,C1CCC(CC1)N2C=NC3=C(N=C(N=C32)OC4=CC=CC5=CC=CC=C54)NC6=CC=C(C=C6)N7CCOCC7
GSK-3 inhibitor IX,C1=CC=C2C(=C1)C(=C(N2)C3=C(NC4=C3C=CC(=C4)Br)O)N=O
dasatinib,CC1=C(C(=CC=C1)Cl)NC(=O)C2=CN=C(S2)NC3=CC(=NC(=N3)C)N4CCN(CC4)CCO
erlotinib,COCCOC1=C(C=C2C(=C1)C(=NC=N2)NC3=CC=CC(=C3)C#C)OCCOC
BRD-K94991378,COCCOC(=O)N1C2=C(C=C(C=C2)C#CCC(C(=O)OC)C(=O)OC)C3(C1=O)C(C4C(=O)OC(C(N4C3C5=CC=CC=C5OCCO)C6=CC=CC=C6)C7=CC=CC=C7)C(=O)NCC=C
LBH-589,CC1=C(C2=CC=CC=C2N1)CCNCC3=CC=C(C=C3)C=CC(=O)NO
IC-87114,CC1=C2C(=CC=C1)N=C(N(C2=O)C3=CC=CC=C3C)CN4C=NC5=C(N=CN=C54)N
ciclosporin,CCC1C(=O)N(CC(=O)N(C(C(=O)NC(C(=O)N(C(C(=O)NC(C(=O)NC(C(=O)N(C(C(=O)N(C(C(=O)N(C(C(=O)N(C(C(=O)N1)C(C(C)CC=CC)O)C)C(C)C)C)CC(C)C)C)CC(C)C)C)C)C)CC(C)C)C)C(C)C)CC(C)C)C)C
sirolimus,CC1CCC2CC(C(=CC=CC=CC(CC(C(=O)C(C(C(=CC(C(=O)CC(OC(=O)C3CCCCN3C(=O)C(=O)C1(O2)O)C(C)CC4CCC(C(C4)OC)O)C)C)O)OC)C)C)C)OC
KU-55933,C1COCCN1C2=CC(=O)C=C(O2)C3=C4C(=CC=C3)SC5=CC=CC=C5S4
sitagliptin,C1CN2C(=NN=C2C(F)(F)F)CN1C(=O)CC(CC3=CC(=C(C=C3F)F)F)N
PDMP,CCCCCCCCCC(=O)NC(CN1CCOCC1)C(C2=CC=CC=C2)O
BRD-K71935468,COC(=O)C(CC#CC1=CC2=C(C=C1)NC(=O)C23C(C4C(=O)OC(C(N4C3C5=CC=CC=C5OCCO)C6=CC=CC=C6)C7=CC=CC=C7)C(=O)N8CCN(CC8)C9=NC=CC=N9)C(=O)OC
entinostat,C1=CC=C(C(=C1)N)NC(=O)C2=CC=C(C=C2)CNC(=O)OCC3=CN=CC=C3
BEC,B(CCSCC(C(=O)O)N)(O)O
apicidin,CCC(C)C1C(=O)N2CCCCC2C(=O)NC(C(=O)NC(C(=O)N1)CC3=CN(C4=CC=CC=C43)OC)CCCCCC(=O)CC
Merck60,CC(=O)NC1=CC=C(C=C1)C(=O)NC2=C(C=CC(=C2)C3=CC=CS3)N
BRD-A94377914,CC(=O)CCCCCC(C(=O)NC1CCCCN1C)C(=O)NC2=NC(=CS2)C3=CC=CC=C3
FGIN-1-27,CCCCCCN(CCCCCC)C(=O)CC1=C(NC2=CC=CC=C21)C3=CC=C(C=C3)F
compound 1B,Did not work
vincristine,CCC1(CC2CC(C3=C(CCN(C2)C1)C4=CC=CC=C4N3)(C5=C(C=C6C(=C5)C78CCN9C7C(C=CC9)(C(C(C8N6C=O)(C(=O)OC)O)OC(=O)C)CC)OC)C(=O)OC)O
cytarabine hydrochloride,C1=CN(C(=O)N=C1N)C2C(C(C(O2)CO)O)O.Cl
itraconazole,CCC(C)N1C(=O)N(C=N1)C2=CC=C(C=C2)N3CCN(CC3)C4=CC=C(C=C4)OCC5COC(O5)(CN6C=NC=N6)C7=C(C=C(C=C7)Cl)Cl
erastin,CCOC1=CC=CC=C1N2C(=O)C3=CC=CC=C3N=C2C(C)N4CCN(CC4)C(=O)COC5=CC=C(C=C5)Cl
ML031,CC1=CC(=C(N1CC2=CC=CC=C2)C)C(=O)CN3C(=O)CCC3=O
CIL56,C1CCN(CC1)S(=O)(=O)C2=CC3=C(C=C2)C4=C(C3=NO)C=C(C=C4)S(=O)(=O)N5CCCCC5
FQI-1,CCOC1=CC=CC=C1C2CC(=O)NC3=CC4=C(C=C23)OCO4
BRD-K92856060,CC(=O)N(C1=CC=C(C2=CC=CC=C21)OC(=O)C)S(=O)(=O)C3=CC(=C(C=C3)OC)[N+](=O)[O-]
B02,C1=CC=C(C=C1)CN2C(=NC3=CC=CC=C3C2=O)C=CC4=CN=CC=C4
BRD-K45681478,C=CCNC1=C(C(=O)C2=CC=CC=C2C1=O)Cl
ML050,C1C=CC2C1C(NC3=CC=CC=C23)C4=CC5=C(C=C4Br)OCO5
ML162,COC1=C(C=C(C=C1)N(C(C2=CC=CS2)C(=O)NCCC3=CC=CC=C3)C(=O)CCl)Cl
CIL41,C1C2CC3CC1CC(C2)(C3)C(=O)ON=C(C4=CC=CC=C4)N
NSC30930,C1=CC=C(C=C1)COC2=CC3=C(C=C2)NC(=C3)C(=O)O
CIL70,C1=CC=C2C(=C1)C=CC=C2C(=O)ON=C(CC3=CC=C(C=C3)Cl)N
MI-1,CC1(CN=C(S1)N2CCN(CC2)C3=C4C5=C(CCCC5)SC4=NC=N3)C
DBeQ,C1=CC=C(C=C1)CNC2=NC(=NC3=CC=CC=C32)NCC4=CC=CC=C4
ML083,COC1=CC=C(C=C1)S(=O)(=O)N2CCN(CC2)S(=O)(=O)C3=CC4=C(C=C3)OCCO4
CID-5951923,CN(C1CCS(=O)(=O)C1)C(=O)COC(=O)C=CC2=CC(=CC=C2)[N+](=O)[O-]
IU1,CC1=CC(=C(N1C2=CC=C(C=C2)F)C)C(=O)CN3CCCC3
ML311,CCN1CCN(CC1)C(C2=CC=C(C=C2)C(F)(F)F)C3=C(C4=C(C=CC=N4)C=C3)O
imatinib,CC1=C(C=C(C=C1)NC(=O)C2=CC=C(C=C2)CN3CCN(CC3)C)NC4=NC=CC(=N4)C5=CN=CC=C5
decitabine,C1C(C(OC1N2C=NC(=NC2=O)N)CO)O
CHIR-99021,CC1=CN=C(N1)C2=CN=C(N=C2C3=C(C=C(C=C3)Cl)Cl)NCCNC4=NC=C(C=C4)C#N
BI-2536,CCC1C(=O)N(C2=CN=C(N=C2N1C3CCCC3)NC4=C(C=C(C=C4)C(=O)NC5CCN(CC5)C)OC)C
BRD-K61166597,C1=CSC(=C1)C2=CC(=C(C=C2)N)NC(=O)C3=CC=C(C=C3)C(=O)NCCC4=CC=NC=C4
GW-843682X,COC1=C(C=C2C(=C1)N=CN2C3=CC(=C(S3)C(=O)N)OCC4=CC=CC=C4C(F)(F)F)OC
vandetanib,CN1CCC(CC1)COC2=C(C=C3C(=C2)N=CN=C3NC4=C(C=C(C=C4)Br)F)OC
sorafenib,CNC(=O)C1=NC=CC(=C1)OC2=CC=C(C=C2)NC(=O)NC3=CC(=C(C=C3)Cl)C(F)(F)F
temozolomide,CN1C(=O)N2C=NC(=C2N=N1)C(=O)N
QW-BI-011,COC(=O)c1ccc2n(CCCc3ccccc3)c(NC(=O)c4ccccc4)nc2c1
SNX-2112,CC1(CC2=C(C(=O)C1)C(=NN2C3=CC(=C(C=C3)C(=O)N)NC4CCC(CC4)O)C(F)(F)F)C
bexarotene,CC1=CC2=C(C=C1C(=C)C3=CC=C(C=C3)C(=O)O)C(CCC2(C)C)(C)C
nilotinib,CC1=C(C=C(C=C1)C(=O)NC2=CC(=CC(=C2)C(F)(F)F)N3C=C(N=C3)C)NC4=NC=CC(=N4)C5=CN=CC=C5
sunitinib,CCN(CC)CCNC(=O)C1=C(NC(=C1C)C=C2C3=C(C=CC(=C3)F)NC2=O)C
bendamustine,CN1C2=C(C=C(C=C2)N(CCCl)CCCl)N=C1CCCC(=O)O
CD-437,C1C2CC3CC1CC(C2)(C3)C4=C(C=CC(=C4)C5=CC6=C(C=C5)C=C(C=C6)C(=O)O)O
SCH-79797,CC(C)C1=CC=C(C=C1)CN2C=CC3=C2C=CC4=C3C(=NC(=N4)NC5CC5)N
LE-135,CC1(CCC(C2=CC3=C(C=C21)N=C(C4=CC=CC=C4N3C)C5=CC=C(C=C5)C(=O)O)(C)C)C
SKI-II,C1=CC(=CC=C1C2=CSC(=N2)NC3=CC=C(C=C3)O)Cl
Platin,[Pt]
AC55649,CCCCCCCCC1=CC=C(C=C1)C2=CC=C(C=C2)C(=O)O
RITA,C1=C(SC(=C1)C2=CC=C(O2)C3=CC=C(S3)CO)CO
LY-2183240,CN(C)C(=O)N1C(=NN=N1)CC2=CC=C(C=C2)C3=CC=CC=C3
CD-1530,C1C2CC3CC1CC(C2)(C3)C4=C(C=C5C=CC(=CC5=C4)C6=CC=C(C=C6)C(=O)O)O
TPCA-1,C1=CC(=CC=C1C2=CC(=C(S2)NC(=O)N)C(=O)N)F
NSC632839,CC1=CC=C(C=C1)C=C2CNCC(=CC3=CC=C(C=C3)C)C2=O.Cl
pifithrin-mu,C1=CC=C(C=C1)C#CS(=O)(=O)N
SN-38,CCC1=C2CN3C(=CC4=C(C3=O)COC(=O)C4(CC)O)C2=NC5=C1C=C(C=C5)O
BRD-K80183349,CC(=O)N1CCC(CC1)C(=O)NC2=C(C=CC(=C2)C3=CC=CS3)N
BRD-K66532283,C1CC=C(C1)C(=O)NC2=C(C=CC(=C2)C3=CC=CS3)N
MK-2206,C1CC(C1)(C2=CC=C(C=C2)C3=C(C=C4C(=N3)C=CN5C4=NNC5=O)C6=CC=CC=C6)N
triazolothiadiazine,C1=C2C(=NN=N2)SN=N1
BRD-K66453893,CC1CN(C(=O)CC2=C(C=CC(=C2)NC(=O)CCC(F)(F)F)OC1CN(C)S(=O)(=O)C3=CC=C(C=C3)Cl)C(C)CO
BRD-K11533227,CC(=O)NC1CCN(CC1)C(=O)NC2=C(C=CC(=C2)C3=CC=CS3)N
BRD-K27224038,CC1CN(C(=O)C2=C(N=CC(=C2)C#CC3(CCCC3)O)OC1CN(C)C(=O)C4CCOCC4)C(C)CO
BRD-K14844214,CC1CN(S(=O)(=O)C2=C(C=C(C=C2)C#CCC(C)C)OC1CN(C)C(=O)C3=NC=CN=C3)C(C)CO
BRD1835,CC1CN(S(=O)(=O)C2=C(C=C(C=C2)C#CCC3CCCC3)OC1CN(C)CC4=CC=C(C=C4)C(=O)O)C(C)CO
BRD-K41597374,CC1CN(S(=O)(=O)C2=C(C=C(C=C2)C#CC3CCCC3)OC1CN(C)C(=O)NC4=C(C=CC(=C4)F)F)C(C)CO
BRD-K63431240,C[C@@H](CO)N1C[C@H](C)[C@@H](CN(C)C(=O)Nc2ccc3OCOc3c2)Oc4cc(C#Cc5ccncc5)ccc4S1(=O)=O
BRD-K13999467,CC1CN(S(=O)(=O)C2=C(C=C(C=C2)C#CC3=CC=CC=C3F)OC1CN(C)C(=O)CC4=CC=NC=C4)C(C)CO
BRD-K96970199,CC=CC1=CC2=C(C=C1)S(=O)(=O)N(CC(C(O2)CN(C)C(=O)C3=CC=CC=C3)C)C(C)CO
brefeldin A,CC1CCCC=CC2CC(CC2C(C=CC(=O)O1)O)O
AGK-2,C1=CC2=C(C=CC=N2)C(=C1)NC(=O)C(=CC3=CC=C(O3)C4=C(C=CC(=C4)Cl)Cl)C#N
L-685458,CC(C)CC(C(=O)NC(CC1=CC=CC=C1)C(=O)N)NC(=O)C(CC2=CC=CC=C2)CC(C(CC3=CC=CC=C3)NC(=O)OC(C)(C)C)O
PF-750,C1CN(CCC1CC2=CC3=CC=CC=C3N=C2)C(=O)NC4=CC=CC=C4
triptolide,CC(C)C12C(O1)C3C4(O3)C5(CCC6=C(C5CC7C4(C2O)O7)COC6=O)C
16-beta-bromoandrosterone,C[C@]12CC[C@H]3[C@@H](CC[C@H]4C[C@H](O)CC[C@]34C)[C@@H]1C[C@H](Br)C2=O
PRL-3 inhibitor I,C1=CC=C(C(=C1)COC2=C(C=C(C=C2)Br)C=C3C(=O)NC(=S)S3)Br
SID 26681509,CCC1=CC=CC=C1NC(=O)CSC(=O)NNC(=O)C(CC2=CNC3=CC=CC=C32)NC(=O)OC(C)(C)C
neuronal differentiation inducer III,C1CC1NC(=O)C2=NOC(=C2)C3=CC=CS3
NSC 74859,CC1=CC=C(C=C1)S(=O)(=O)OCC(=O)NC2=CC(=C(C=C2)C(=O)O)O
bortezomib,B(C(CC(C)C)NC(=O)C(CC1=CC=CC=C1)NC(=O)C2=NC=CN=C2)(O)O
ABT-737,CN(C)CCC(CSC1=CC=CC=C1)NC2=C(C=C(C=C2)S(=O)(=O)NC(=O)C3=CC=C(C=C3)N4CCN(CC4)CC5=CC=CC=C5C6=CC=C(C=C6)Cl)[N+](=O)[O-]
zebularine,C1=CN(C(=O)N=C1)C2C(C(C(O2)CO)O)O
PI-103,C1COCCN1C2=NC(=NC3=C2OC4=C3C=CC=N4)C5=CC(=CC=C5)O
tubastatin A,CN1CCC2=C(C1)C3=CC=CC=C3N2CC4=CC=C(C=C4)C(=O)NO
SR-II-138A,CON(C)C(=O)[C@H]1[C@@H](O)[C@@]2(O)c3c(OC)cc(OC)cc3O[C@]2([C@@H]1c4ccccc4)c5ccc(OC)cc5
neopeltolide,CCCC1CC(CC(CC2CC(CC(O2)CC(=O)O1)OC(=O)C=CCCC3=COC(=N3)C=CCNC(=O)OC)C)OC
parthenolide,CC1=CCCC2(C(O2)C3C(CC1)C(=C)C(=O)O3)C
Compound 7d-cis,CCOC(=O)C=CN1N=C(N=N1)C2=CC(=CC=C2)Cl
pevonedistat,C1CC2=CC=CC=C2C1NC3=C4C=CN(C4=NC=N3)C5CC(C(C5)O)COS(=O)(=O)N
AZD7545,CC(C(=O)NC1=C(C=C(C=C1)S(=O)(=O)C2=CC=C(C=C2)C(=O)N(C)C)Cl)(C(F)(F)F)O
VER-155008,C1=CC(=CC=C1COCC2C(C(C(O2)N3C4=NC=NC(=C4N=C3NCC5=CC(=C(C=C5)Cl)Cl)N)O)O)C#N
ML203,C1CN(CCN(C1)S(=O)(=O)C2=CC=CC(=C2)N)S(=O)(=O)C3=CC4=C(C=C3)OCCO4
SRT-1720,C1CN(CCN1)CC2=CSC3=NC(=CN23)C4=CC=CC=C4NC(=O)C5=NC6=CC=CC=C6N=C5
CAY10594,C1CN(CCC12C(=O)NCN2C3=CC=CC=C3)CCNC(=O)C4=CC5=CC=CC=C5C=C4
Compound 1541A,C1=CC2=NC(=CN2C=C1)C3=CC(=CC=C3)NC(=O)C4=CC5=C(C(=CC=C5)O)OC4=O
RG-108,C1=CC=C2C(=C1)C(=O)N(C2=O)C(CC3=CNC4=CC=CC=C43)C(=O)O
PAC-1,C=CCC1=C(C(=CC=C1)C=NNC(=O)CN2CCN(CC2)CC3=CC=CC=C3)O
GMX-1778,C1=CC(=CC=C1OCCCCCCN=C(NC#N)NC2=CC=NC=C2)Cl
gemcitabine,C1=CN(C(=O)N=C1N)C2C(C(C(O2)CO)O)(F)F
MST-312,C1=CC(=CC(=C1)NC(=O)C2=C(C(=CC=C2)O)O)NC(=O)C3=C(C(=CC=C3)O)O
olaparib,C1CC1C(=O)N2CCN(CC2)C(=O)C3=C(C=CC(=C3)CC4=NNC(=O)C5=CC=CC=C54)F
oligomycin A,CCC1CCC2C(C(C(C3(O2)CCC(C(O3)CC(C)O)C)C)OC(=O)C=CC(C(C(C(=O)C(C(C(C(=O)C(C(C(CC=CC=C1)C)O)(C)O)C)O)C)C)O)C)C
indisulam,C1=CC2=C(C(=C1)NS(=O)(=O)C3=CC=C(C=C3)S(=O)(=O)N)NC=C2Cl
BRD-K49290616,C1CC(C(OC1CC(=O)NCC2=NC=NC=C2)CO)NC(=O)C3=CC=C(C=C3)F
BRD-K02492147,CN1CCN(CC1)C(=O)CC2C=CC(C(O2)CO)NS(=O)(=O)C3=CC=CC(=C3)F
austocystin D,CC(C)(CCC1=C2C(=C(C=C1)O)C(=O)C3=C(C4=C(C=C3O2)OC5C4(C=CO5)O)O)O
SJ-172550,CCOC1=C(C(=CC(=C1)C=C2C(=NN(C2=O)C3=CC=CC=C3)C)Cl)OCC(=O)OC
pandacostat,C1=CC(=CC=C1C=CC(=O)NO)C(=O)NN=CC2=C(C(=C(C=C2)O)O)O
BRD-K96431673,CN1CCN(CC1)C(=O)CC2CCC(C(O2)CO)NC(=O)C3=CC4=C(C=C3)OCO4
cyanoquinoline 11,C1=CC(=C(C=C1NC2=C3C=C(C=C(C3=NC=C2C#N)Cl)NCC4=CN=CN4)Cl)F
tipifarnib-P2,CN1C(=O)C=C(c2cccc(Cl)c2)c3cc(ccc13)[C@](N)(c4ccc(Cl)cc4)c5cncn5C
tipifarnib-P1,CN1C(=O)C=C(c2cccc(Cl)c2)c3cc(ccc13)[C@@](N)(c4ccc(Cl)cc4)c5cncn5C
Compound 23 citrate,CC12CCC3C4CCC(CC4CCC3C1CC=C2C5=CC6=C(C=C5)C=NC=C6)N(C)C
nakiterpiosin,CC1CC(OC1=O)C(C(C2=C(C3=C(C=C2)C4CC(C56C(OCC(O5)CC6(C4C3=O)C)O)Br)C)C(Cl)Cl)O
CCT036477,CC1=C(C2=CC=CC=C2N1)C(C3=CC=C(C=C3)Cl)NC4=CC=CC=N4
tamatinib,CC1(C(=O)NC2=C(O1)C=CC(=N2)NC3=NC(=NC=C3F)NC4=CC(=C(C(=C4)OC)OC)OC)C
myriocin,CCCCCCC(=O)CCCCCCC=CCC(C(C(CO)(C(=O)O)N)O)O
YM-155,CC1=[N+](C2=C(N1CCOC)C(=O)C3=CC=CC=C3C2=O)CC4=NC=CN=C4.[Br-]
BMS-754807,CC1(CCCN1C2=NN3C=CC=C3C(=N2)NC4=NNC(=C4)C5CC5)C(=O)NC6=CN=C(C=C6)F
BIBR-1532,CC(=CC(=O)NC1=CC=CC=C1C(=O)O)C2=CC3=CC=CC=C3C=C2
neratinib,CCOC1=C(C=C2C(=C1)N=CC(=C2NC3=CC(=C(C=C3)OCC4=CC=CC=N4)Cl)C#N)NC(=O)C=CCN(C)C
BRD1812,Oc1ccc(C[C@@H]2N3[C@H](CN(Cc4cccc5ccccc45)C2=O)N(CCC3=O)C(=O)NCc6ccccc6)cc1
BRD8958,Did not work
serdemetan,C1=CC=C2C(=C1)C(=CN2)CCNC3=CC=C(C=C3)NC4=CC=NC=C4
daporinad,C1CN(CCC1CCCCNC(=O)C=CC2=CN=CC=C2)C(=O)C3=CC=CC=C3
MK-1775,CC(C)(C1=NC(=CC=C1)N2C3=NC(=NC=C3C(=O)N2CC=C)NC4=CC=C(C=C4)N5CCN(CC5)C)O
tivozanib,CC1=CC(=NO1)NC(=O)NC2=C(C=C(C=C2)OC3=C4C=C(C(=CC4=NC=C3)OC)OC)Cl
Ko-143,CC(C)CC1C2=C(CC3N1C(=O)C(NC3=O)CCC(=O)OC(C)(C)C)C4=C(N2)C=C(C=C4)OC
CR-1-31B,COC1=CC=C(C=C1)C23C(C(C(C2(C4=C(O3)C=C(C=C4OC)OC)O)O)C(=O)NOC)C5=CC=CC=C5
BRD-K71781559,C1=CC=C2C=C3C(=CC2=C1)NC(=N3)CNC4=CC=C(C=C4)C(=O)O
BRD-K86535717,CC1C(CN(C(=O)C2=CC=CC(=C2OCC3C(CCC(O3)CCN(C1=O)C)OC)C#N)C)OC
BRD-K48334597,CC1CN(C(=O)C2=C(C=CC(=C2)NC(=O)CC3=CN(C4=CC=CC=C43)C)OC1CN(C)C(=O)NC5CCCCC5)C(C)CO
ML312,CC1CN(C(=O)C2=C(C=CC(=C2)NC(=O)NC(C)C)OC1CN(C)S(=O)(=O)C3=CC=C(C=C3)Cl)C(C)CO
BRD-K04800985,CC1CN(C(=O)C2=C(C=CC(=C2)NC(=O)NC3=C(ON=C3C)C)OC1CN(C)CC4CCCCC4)C(C)CO
BRD-K78574327,CC1CN(C(=O)C2=C(C=CC(=C2)NS(=O)(=O)C3=CN(C=N3)C)OC1CN(C)CC4CC4)C(C)CO
BRD-K19103580,CC1CN(C(=O)C2=C(C=CC(=C2)N(C)C)OC1CN(C)CC3=CC(=C(C=C3)Cl)Cl)C(C)CO
BRD-K30019337,CC1CN(C(=O)C2=C(C=CC(=C2)N(C)C)OC1CN(C)C(=O)NC(C)C)C(C)CO
BRD-K84807411,CC1CN(C(=O)C2=C(C(=CC=C2)NC(=O)C3=CC(=NN3C)C)OC1CN(C)C)C(C)CO
BRD-K44224150,CC1CN(C(=O)C2=C(C=CC(=C2)NC(=O)C3CCCCC3)OC1CNC)C(C)CO
BRD-K75293299,CC1CN(C(=O)C2=C(C(=CC=C2)NC(=O)C3=CC=NC=C3)OC1CN(C)C(=O)NC4=CC=CC5=CC=CC=C54)C(C)CO
BRD-K64610608,COc1ccc(cc1)S(=O)(=O)N(C)C[C@@H]1Oc2c(NC(=O)Nc3cccc4ccccc34)cccc2C(=O)N(C[C@H]1C)[C@@H](C)CO
BRD-K02251932,CC1CN(C(=O)C2=C(C(=CC=C2)NS(=O)(=O)C3=CC=C(C=C3)F)OC1CN(C)C(=O)NC4CCCCC4)C(C)CO
BRD-K55116708,CC1CN(C(=O)C2=C(C(=CC=C2)NC(=O)NC3=CC=CC=C3)OC1CN(C)CC4=CC=C(C=C4)C(=O)NC5=CC=CC=C5N)C(C)CO
BRD-K41334119,CC1CN(C(=O)CC2=C(C=CC(=C2)NS(=O)(=O)C)OC1CNC)C(C)CO
BRD-K34485477,CC1CN(C(=O)CC2=C(C=CC(=C2)NC(=O)CCN3CCOCC3)OC1CNC)C(C)CO
BRD-K16147474,CC1CN(C(=O)CC2=C(C=CC(=C2)NC(=O)NC(C)C)OC1CN(C)S(=O)(=O)C)C(C)CO
BRD-K29086754,CC1CN(C(=O)CC2=C(C=CC(=C2)NC(=O)NC3=CC=C(C=C3)F)OC1CN(C)CC4=CC=C(C=C4)C(=O)O)C(C)CO
BRD-K33199242,CC1CN(C(=O)CC2=C(C=CC(=C2)N(C)C)OC1CNC)C(C)CO
BRD-K52037352,CC1CN(C(=O)CC2=C(C=CC(=C2)NC(=O)NC3CCCCC3)OC1CN(C)C(=O)NC4=CC=CC5=CC=CC=C54)C(C)CO
BRD-K27986637,CC1CN(C(=O)CCCN2C=C(COC1CN(C)CC3=CC4=C(C=C3)OCCO4)N=N2)C(C)CO
BRD-K37390332,CC1CN(C(=O)CC2=C(C=CC(=C2)NC(=O)C3=CC=NC=C3)OC1CN(C)C(=O)NC4=CC=CC5=CC=CC=C54)C(C)CO
fulvestrant,CC12CCC3C(C1CCC2O)C(CC4=C3C=CC(=C4)O)CCCCCCCCCS(=O)CCCC(C(F)(F)F)(F)F
HLI 373,CN1C2=CC=CC=C2C(=NCCCN(C)C)C3=C1NC(=O)N(C3=O)C.Cl.Cl
NSC48300,C1=CC(=CC=C1CC2=CC=C(C=C2)[As](=O)(O)O)[As](=O)(O)O
PRIMA-1-Met,COCC1(C(=O)C2CCN1CC2)CO
isoevodiamine,CN1C2C3=C(CCN2C(=O)C4=CC=CC=C41)C5=CC=CC=C5N3
UNC0638,CC(C)N1CCC(CC1)NC2=NC(=NC3=CC(=C(C=C32)OC)OCCCN4CCCC4)C5CCCCC5
cucurbitacin I,CC1(C2=CCC3C4(CC(C(C4(CC(=O)C3(C2C=C(C1=O)O)C)C)C(C)(C(=O)C=CC(C)(C)O)O)O)C)C
BRD-K50799972,CC(C)(C)S(=O)N1CC2=CC(=NC(=C2C1CCO)C3=CC=CC(=C3)C4=CC=CC=C4OC)C(=O)NCC5=CC=NC=C5
BRD-K17060750,CN(C)CC(=O)NC1CCC(OC1CO)CCNC(=O)NC2=CC=C(C=C2)F
linifanib,CC1=CC(=C(C=C1)F)NC(=O)NC2=CC=C(C=C2)C3=C4C(=CC=C3)NN=C4N
veliparib,CC1(CCCN1)C2=NC3=C(C=CC=C3N2)C(=O)N
saracatinib,CN1CCN(CC1)CCOC2=CC3=C(C(=C2)OC4CCOCC4)C(=NC=N3)NC5=C(C=CC6=C5OCO6)Cl
afatinib,CN(C)CC=CC(=O)NC1=C(C=C2C(=C1)C(=NC=N2)NC3=CC(=C(C=C3)F)Cl)OC4CCOC4
canertinib,C=CC(=O)NC1=C(C=C2C(=C1)C(=NC=N2)NC3=CC(=C(C=C3)F)Cl)OCCCN4CCOCC4
obatoclax,CC1=CC(=C(N1)C=C2C(=CC(=C3C=C4C=CC=CC4=N3)N2)OC)C
masitinib,CC1=C(C=C(C=C1)NC(=O)C2=CC=C(C=C2)CN3CCN(CC3)C)NC4=NC(=CS4)C5=CN=CC=C5
ZSTK474,C1COCCN1C2=NC(=NC(=N2)N3C4=CC=CC=C4N=C3C(F)F)N5CCOCC5
brivanib,CC1=CC2=C(N1)C=CC(=C2F)OC3=NC=NN4C3=C(C(=C4)OCC(C)O)C
GDC-0879,C1CC(=NO)C2=C1C=C(C=C2)C3=CN(N=C3C4=CC=NC=C4)CCO
NVP-TAE684,CC(C)S(=O)(=O)C1=CC=CC=C1NC2=NC(=NC=C2Cl)NC3=C(C=C(C=C3)N4CCC(CC4)N5CCN(CC5)C)OC
SNS-032,CC(C)(C)C1=CN=C(O1)CSC2=CN=C(S2)NC(=O)C3CCNCC3
PLX-4720,CCCS(=O)(=O)NC1=C(C(=C(C=C1)F)C(=O)C2=CNC3=C2C=C(C=N3)Cl)F
TGX-221,CC1=CN2C(=O)C=C(N=C2C(=C1)C(C)NC3=CC=CC=C3)N4CCOCC4
KU-0063794,CC1CN(CC(O1)C)C2=NC3=C(C=CC(=N3)C4=CC(=C(C=C4)OC)CO)C(=N2)N5CCOCC5
SU11274,CC1=C(NC(=C1C(=O)N2CCN(CC2)C)C)C=C3C4=C(C=CC(=C4)S(=O)(=O)N(C)C5=CC(=CC=C5)Cl)NC3=O
BRD-K88742110,COc1ccc(Cn2ccc3ccc(cc23)C(=O)NO)cc1
BRD8899,CC1=CN=CC2=C1C(=CC=C2)S(=O)(=O)NC3CC(NC3)CNC(=O)C
EX-527,C1CC(C2=C(C1)C3=C(N2)C=CC(=C3)Cl)C(=O)N
ELCPK,C1CC2=CC=CC=C2N(C1)S(=O)(=O)C3=CC=C(C=C3)C4=CN=C(O4)C5CC5
NPC-26,CCOC(=O)C1=C(SC2=C1CC(NC2(C)C)(C)C)NC(=O)C3=CC=C(S3)[N+](=O)[O-]
"1S,3R-RSL-3","COC(=O)C1CC2=C(C(N1C(=O)CCl)C3=CC=C(C=C3)C(=O)OC)NC4=CC=CC=C24
COC(=O)C1CC2=C(C(N1C(=O)CCl)C3=CC=C(C=C3)C(=O)OC)NC4=CC=CC=C24"
CIL55A,CN(C)CCNC(=O)C1=CC2=C(S1)C3=C(C=CC(=C3)Cl)SC2
SCH-529074,CN(C)CCCNC1=NC(=NC2=CC=CC=C21)CN3CCN(CC3)C(C4=CC=C(C=C4)Cl)C5=CC=C(C=C5)Cl
FQI-2,CCOC1=CC=CC=C1C2=CC(=O)NC3=CC4=C(C=C23)OCO4
ML210,CC1=C(C(=NO1)C(=O)N2CCN(CC2)C(C3=CC=C(C=C3)Cl)C4=CC=C(C=C4)Cl)[N+](=O)[O-]
darinaparsin,C[As](C)SCC(C(=O)NCC(=O)O)NC(=O)CCC(C(=O)O)N
PX-12,CCC(C)SSC1=NC=CN1
GANT-61,CN(C)C1=CC=CC=C1CN2CCCN(C2C3=CC=NC=C3)CC4=CC=CC=C4N(C)C
PL-DI,CN(CCOC1=C(C=C(C=C1OC)C=CC(=O)N2CCC=CC2=O)OC)CCOC3=C(C=C(C=C3OC)C=CC(=O)N4CCC=CC4=O)OC
TW-37,CC(C)C1=CC=CC=C1CC2=CC(=C(C(=C2O)O)O)C(=O)NC3=CC=C(C=C3)S(=O)(=O)C4=CC=CC=C4C(C)(C)C
AZD8055,CC1COCCN1C2=NC(=NC3=C2C=CC(=N3)C4=CC(=C(C=C4)OC)CO)N5CCOCC5C
CHM-1,C1OC2=C(O1)C=C3C(=C2)C(=O)C=C(N3)C4=CC=CC=C4F
QS-11,C1CC2=C(C1)C=C(C=C2)OC3=NC(=C4C(=N3)N(C=N4)CC5=CC=C(C=C5)C6=CC=CC=C6)NC(CC7=CC=CC=C7)CO
ML239,C1=CNC(=C1)C=NNC(=O)COC2=C(C=C(C=C2Cl)Cl)Cl
fumonisin B1,CCCCC(C)C(C(CC(C)CC(CCCCC(CC(C(C)N)O)O)O)OC(=O)CC(CC(=O)O)C(=O)O)OC(=O)CC(CC(=O)O)C(=O)O
JQ-1,CC1=C(SC2=C1C(=NC(C3=NN=C(N32)C)CC(=O)OC(C)(C)C)C4=CC=C(C=C4)Cl)C
BRD-K51490254,C1=CC=C(C=C1)NC(=O)C2=CC(=CC=C2)C(=O)NO
BRD-K85133207,CC(=O)NC1CC(C1)C(=O)NC2=C(C=CC(=C2)C3=CC=C(C=C3)F)N
CAY10576,COC1=C(C=C2C(=C1)N=CN2C3=CC(=C(S3)C#N)OCC4=CC=CC=C4S(=O)(=O)C)OC
Repligen 136,CC1=CC=C(C=C1)C(=O)NCCCCCC(=O)NC2=C(C=C(C=C2)F)N
nintedanib,CN1CCN(CC1)CC(=O)N(C)C2=CC=C(C=C2)N=C(C3=CC=CC=C3)C4=C(NC5=C4C=CC(=C5)C(=O)OC)O
foretinib,COC1=CC2=C(C=CN=C2C=C1OCCCN3CCOCC3)OC4=C(C=C(C=C4)NC(=O)C5(CC5)C(=O)NC6=CC=C(C=C6)F)F
regorafenib,CNC(=O)C1=NC=CC(=C1)OC2=CC(=C(C=C2)NC(=O)NC3=CC(=C(C=C3)Cl)C(F)(F)F)F
WZ8040,CN1CCN(CC1)C2=CC=C(C=C2)NC3=NC=C(C(=N3)SC4=CC=CC(=C4)NC(=O)C=C)Cl
OSI-930,C1=CC=C2C(=C1)C(=CC=N2)CNC3=C(SC=C3)C(=O)NC4=CC=C(C=C4)OC(F)(F)F
MGCD-265,CN1C=C(N=C1)C2=CC3=NC=CC(=C3S2)OC4=C(C=C(C=C4)NC(=S)NC(=O)CC5=CC=CC=C5)F
lenvatinib,COC1=CC2=NC=CC(=C2C=C1C(=O)N)OC3=CC(=C(C=C3)NC(=O)NC4CC4)Cl
YK 4-279,COC1=CC=C(C=C1)C(=O)CC2(C3=C(C=CC(=C3NC2=O)Cl)Cl)O
CAY10618,C1=CC=C(C=C1)C2=CC=CC=C2NC(=O)CCCCCCCN3C=C(N=N3)C4=CN=CC=C4
KU 0060648,CCN1CCN(CC1)CC(=O)NC2=C3C4=CC=CC=C4SC3=C(C=C2)C5=CC=CC6=C5OC(=CC6=O)N7CCOCC7
narciclasine,C1OC2=C(O1)C(=C3C(=C2)C4=CC(C(C(C4NC3=O)O)O)O)O
MLN2238,B(C(CC(C)C)NC(=O)CNC(=O)C1=C(C=CC(=C1)Cl)Cl)(O)O
ISOX,CC1=C(C(=NO1)C)C2=CC3=C(C=C2)N(C(=N3)CCC4=CC=C(C=C4)OCCCN(C)C)CCN5CCOCC5
BRD-K29313308,"
CC(=O)NC1=CC=C(C=C1)C(=O)NC2=C(C=C(C=C2)F)N"
UNC0321,CN1CCCN(CC1)C2=NC3=CC(=C(C=C3C(=N2)NC4CCN(CC4)C)OC)OCCOCCN(C)C
SGX-523,CN1C=C(C=N1)C2=NN3C(=NN=C3SC4=CC5=C(C=C4)N=CC=C5)C=C2
erismodegib,CC1CN(CC(O1)C)C2=NC=C(C=C2)NC(=O)C3=CC=CC(=C3C)C4=CC=C(C=C4)OC(F)(F)F
alisertib,COC1=C(C(=CC=C1)F)C2=NCC3=CN=C(N=C3C4=C2C=C(C=C4)Cl)NC5=CC(=C(C=C5)C(=O)O)OC
AZD6482,CC1=CN2C(=O)C=C(N=C2C(=C1)C(C)NC3=CC=CC=C3C(=O)O)N4CCOCC4
ruxolitinib,C1CCC(C1)C(CC#N)N2C=C(C=N2)C3=C4C=CNC4=NC=N3
bleomycin A2,CC1=C(N=C(N=C1N)C(CC(=O)N)NCC(C(=O)N)N)C(=O)NC(C(C2=CN=CN2)OC3C(C(C(C(O3)CO)O)O)OC4C(C(C(C(O4)CO)O)OC(=O)N)O)C(=O)NC(C)C(C(C)C(=O)NC(C(C)O)C(=O)NCCC5=NC(=CS5)C6=NC(=CS6)C(=O)NCCC[S+](C)C)O
GDC-0941,CS(=O)(=O)N1CCN(CC1)CC2=CC3=C(S2)C(=NC(=N3)C4=C5C=NNC5=CC=C4)N6CCOCC6
SB-525334,CC1=NC(=CC=C1)C2=C(N=C(N2)C(C)(C)C)C3=CC4=NC=CN=C4C=C3
PHA-793887,CC(C)CC(=O)NC1=NNC2=C1CN(C2(C)C)C(=O)C3CCN(CC3)C
quizartinib,CC(C)(C)C1=CC(=NO1)NC(=O)NC2=CC=C(C=C2)C3=CN4C5=C(C=C(C=C5)OCCN6CCOCC6)SC4=N3
pazopanib,CC1=C(C=C(C=C1)NC2=NC=CC(=N2)N(C)C3=CC4=NN(C(=C4C=C3)C)C)S(=O)(=O)N
BRD-K24690302,CN(C)CC1CN(C1)C(=O)NC2=C(C=CC(=C2)C3=CC=C(C=C3)F)N
BRD-K70511574,CC(=O)N(C1=CC=CC=C1C=CC2=CC=[N+](C=C2)[O-])S(=O)(=O)C3=CC=C(C=C3)OC
PLX-4032,CCCS(=O)(=O)NC1=C(C(=C(C=C1)F)C(=O)C2=CNC3=C2C=C(C=N3)C4=CC=C(C=C4)Cl)F
GSK461364,CC(C1=CC=CC=C1C(F)(F)F)OC2=C(SC(=C2)N3C=NC4=C3C=C(C=C4)CN5CCN(CC5)C)C(=O)N
BRD-K20514654,CCC(C)C(C(=O)NC(CCC(=O)N)C(=O)NC(CCSC)C(=O)NC(CC(C)C)C(=O)NC(CC(C)C)C(=O)NC(CCC(=O)O)C(=O)NC(C)C(=O)NC(C)C(=O)NC(CC(=O)N)C(=O)NC(CCCNC(=N)N)C(=O)NC1(CCCC=CCCCC(NC(=O)C(NC(=O)C(NC(=O)C(NC1=O)CCC(=O)O)CCCNC(=N)N)CCCNC(=N)N)(C)C(=O)NC(CCCNC(=N)N)C(=O)N)C)NC(=O)C(CCCNC(=N)N)NC(=O)C(CCCNC(=N)N)NC(=O)CCNC(=O)C
BRD-K28456706,CC1=C(OC2=C1C3=CC=CC=C3C=C2)[N+](=O)[O-]
STF-31,CC(C)(C)C1=CC=C(C=C1)S(=O)(=O)NCC2=CC=C(C=C2)C(=O)NC3=CN=CC=C3
spautin-1,C1=CC(=CC=C1CNC2=NC=NC3=C2C=C(C=C3)F)F
BRD-A02303741,CC(C)N(CCCNC(=O)NC1=CC=C(C=C1)C(C)(C)C)CC2C(C(C(O2)N3C=NC4=C(N=CN=C43)N)O)O
ML320,CC1(CC2=C(C(C3=C(NN=C3N2)C(F)(F)F)C4=CC=CC=C4OC)C(=O)C1)C
tigecycline,CC(C)(C)NCC(=O)NC1=CC(=C2CC3CC4C(C(=O)C(=C(C4(C(=O)C3=C(C2=C1O)O)O)O)C(=O)N)N(C)C)N(C)C
BRD-K34099515,CC1CN(C(=O)C2=C(C(=CC=C2)NC(=O)C3=CC=NC=C3)OC1CN(C)CC4=CC=C(C=C4)OC5=CC=CC=C5)C(C)C
PF-543,CC1=CC(=CC(=C1)OCC2=CC=C(C=C2)CN3CCCC3CO)CS(=O)(=O)C4=CC=CC=C4
PF-573228,CS(=O)(=O)C1=CC=CC(=C1)CNC2=NC(=NC=C2C(F)(F)F)NC3=CC4=C(C=C3)NC(=O)CC4
ceranib-2,C1=CC=C(C=C1)C2=C(C(=O)NC3=CC=CC=C32)C(=O)C=CC4=CC=C(C=C4)O
FSC231,CCOC(=O)NC(=O)C(=CC1=CC(=C(C=C1)Cl)Cl)C#N
968,CC1(CC2=C(C(NC3=C2C4=CC=CC=C4C=C3)C5=CC(=C(C=C5)N(C)C)Br)C(=O)C1)C
GSK4112,CC(C)(C)OC(=O)CN(CC1=CC=C(C=C1)Cl)CC2=CC=C(S2)[N+](=O)[O-]
etomoxir,CCOC(=O)C1(CO1)CCCCCCOC2=CC=C(C=C2)Cl
HC-067047,CC1=C(C=C(N1CCCN2CCOCC2)C3=CC=CC=C3)C(=O)NC4=CC=CC(=C4)C(F)(F)F
IPR-456,CC1CC(CN(C1)C2=CC(=C3C4=C(C5=CC=CC=C5C3=O)ON=C24)NC6=CC=CC=C6C(=O)O)C
leptomycin B,CCC(=CC(C)CC=CC(=CC(C)C(=O)C(C)C(C(C)CC(=CC(=O)O)C)O)C)C=CC1C(C=CC(=O)O1)C
AZ-3146,CN1CCC(CC1)OC2=CC(=C(C=C2)NC3=NC=C4C(=N3)N(C(=O)N4C)C5CCCC5)OC
VU0155056,C1CN(CCC1N2C3=CC=CC=C3NC2=O)CCNC(=O)C4=CC5=CC=CC=C5C=C4.Cl
BRD-K97651142,CC1=CC=C(C=C1)C(=O)N(C)CCC2=CC(=C(C(=C2)Br)OCCCNC3=C4C(=NC=N3)N(C=N4)C)Br
vorapaxar,CCOC(=O)NC1CCC2C(C1)CC3C(C2C=CC4=NC=C(C=C4)C5=CC(=CC=C5)F)C(OC3=O)C
Ch-55,CC(C)(C)C1=CC(=CC(=C1)C(=O)C=CC2=CC=C(C=C2)C(=O)O)C(C)(C)C
BRD-K79669418,CC(C)C[C@@H]1NC(=O)[C@H](CCCNC(N)=N)NC(=O)[C@H](Cc2c[nH]c3ccccc23)NC(=O)[C@H](CC(C)C)NC(=O)[C@H](CC(N)=O)NC(=O)[C@@](C)(CCCCCC\C=C/CCC[C@](C)(NC(=O)[C@H](CC(C)C)NC1=O)C(=O)N[C@@H](CCC(N)=O)C(=O)N[C@@H](CC(N)=O)C(N)=O)NC(=O)[C@H](Cc1ccccc1)NC(=O)[C@@H](NC(=O)[C@H](CCC(N)=O)NC(=O)[C@H](CCC(N)=O)NC(=O)[C@H](CO)NC(=O)[C@H](CCC(N)=O)NC(C)=O)[C@@H](C)O
BRD-K99584050,CC[C@H](C)[C@H](NC(C)=O)C(=O)N[C@@H](Cc1c[nH]c2ccccc12)C(=O)N[C@@H]([C@@H](C)CC)C(=O)N[C@@H](C)C(=O)N[C@@H](CCC(N)=O)C(=O)N[C@@H](CCC(O)=O)C(=O)N[C@@H](CC(C)C)C(=O)N[C@@H](CCCNC(N)=N)C(=O)N[C@@]1(C)CCC\C=C/CCC[C@](C)(NC(=O)[C@H](CC(O)=O)NC(=O)CNC(=O)[C@@H](NC1=O)[C@@H](C)CC)C(=O)N[C@@H](Cc1ccccc1)C(=O)N[C@@H](CC(N)=O)C(=O)N[C@@H](C)C(=O)N[C@@H](Cc1ccc(O)cc1)C(=O)N[C@@H](Cc1ccc(O)cc1)C(=O)N[C@@H](C)C(=O)N[C@@H](CCCNC(N)=N)C(=O)N[C@@H](CCCNC(N)=N)C(N)=O
BRD-A71883111,C1CCC(CC1)NC(=O)C(C2=CC=CC=C2Cl)N(C3=CC(=CC=C3)F)C(=O)CC4=CC=CS4
necrostatin-7,C1=CC(=CC=C1C2=C(C=NN2)C=C3C(=O)N(C(=N)S3)C4=NC=CS4)F
PYR-41,CCOC(=O)C1=CC=C(C=C1)N2C(=O)C(=CC3=CC=C(O3)[N+](=O)[O-])C(=O)N2
I-BET151,CC1=C(C(=NO1)C)C2=C(C=C3C(=C2)N=CC4=C3N(C(=O)N4)C(C)C5=CC=CC=N5)OC
lomeguatrib,C1=C(SC=C1Br)COC2=NC(=NC3=C2NC=N3)N
JW-480,CC(C)C1=CC=CC=C1OC(=O)NCCC2=CC3=CC=CC=C3C=C2
BMS-195614,CC1(CC=C(C2=C1C=CC(=C2)C(=O)NC3=CC=C(C=C3)C(=O)O)C4=CC5=CC=CC=C5N=C4)C
BRD-K07442505,CCOc1ccccc1N\N=C1C(=O)N(N=C\1C)c1nc(cs1)-c1ccccc1
BRD-K35604418,Cc1cs\c(=N/C2CCCCC2)n1\N=C\c1ccc(O)c(O)c1O
SB-743921,CC1=CC=C(C=C1)C(=O)N(CCCN)C(C2=C(C(=O)C3=C(O2)C=C(C=C3)Cl)CC4=CC=CC=C4)C(C)C
GSK525762A,CCNC(=O)CC1C2=NN=C(N2C3=C(C=C(C=C3)OC)C(=N1)C4=CC=C(C=C4)Cl)C
SMER-3,C1=CC=C2C(=C1)C3=NC4=NON=C4N=C3C2=O
NVP-ADW742,C1CCN(C1)CC2CC(C2)N3C=C(C4=C(N=CN=C43)N)C5=CC(=CC=C5)OCC6=CC=CC=C6
clofarabine,C1=NC2=C(N=C(N=C2N1C3C(C(C(O3)CO)O)F)Cl)N
XL765,CC1=C(C=C(C=C1)C(=O)NC2=CC=C(C=C2)S(=O)(=O)NC3=NC4=CC=CC=C4N=C3NC5=CC(=CC(=C5)OC)OC)OC
ML258,COC1=CC=C(C=C1)CN2C(=O)C3=C(C4=CC=CC=C4CC35CCCC5)N6C2=NN=N6
SR1001,CC1=C(SC(=N1)NC(=O)C)S(=O)(=O)NC2=CC=C(C=C2)C(C(F)(F)F)(C(F)(F)F)O
bardoxolone methyl,CC1(CCC2(CCC3(C(C2C1)C(=O)C=C4C3(CCC5C4(C=C(C(=O)C5(C)C)C#N)C)C)C)C(=O)OC)C
BMS-270394,CC1(CCC(C2=C1C=CC(=C2)C(C(=O)NC3=C(C=C(C=C3)C(=O)O)F)O)(C)C)C
fluvastatin,CC(C)N1C2=CC=CC=C2C(=C1C=CC(CC(CC(=O)O)O)O)C3=CC=C(C=C3)F
AZD4547,CC1CN(CC(N1)C)C2=CC=C(C=C2)C(=O)NC3=NNC(=C3)CCC4=CC(=CC(=C4)OC)OC
hyperforin,CC(C)C(=O)C12C(=O)C(=C(C(C1=O)(CC(C2(C)CCC=C(C)C)CC=C(C)C)CC=C(C)C)O)CC=C(C)C
NVP-231,C1C2CC3CC1CC(C2)(C3)C(=O)NC4=CC5=C(C=C4)N=C(S5)NC(=O)C6=CC=CC=C6
MK-0752,C1CC(CCC1CCC(=O)O)(C2=C(C=CC(=C2)F)F)S(=O)(=O)C3=CC=C(C=C3)Cl
semagacestat,CC(C)C(C(=O)NC(C)C(=O)NC1C2=CC=CC=C2CCN(C1=O)C)O
bosutinib,CN1CCN(CC1)CCCOC2=C(C=C3C(=C2)N=CC(=C3NC4=CC(=C(C=C4Cl)Cl)OC)C#N)OC
temsirolimus,CC1CCC2CC(C(=CC=CC=CC(CC(C(=O)C(C(C(=CC(C(=O)CC(OC(=O)C3CCCCN3C(=O)C(=O)C1(O2)O)C(C)CC4CCC(C(C4)OC)OC(=O)C(C)(CO)CO)C)C)O)OC)C)C)C)OC
nelarabine,COC1=NC(=NC2=C1N=CN2C3C(C(C(O3)CO)O)O)N
rigosertib,COC1=C(C=C(C=C1)CS(=O)(=O)C=CC2=C(C=C(C=C2OC)OC)OC)NCC(=O)O
PD318088,C1=CC(=C(C=C1I)F)NC2=C(C(=C(C=C2C(=O)NOCC(CO)O)Br)F)F
KU-60019,CC1CN(CC(O1)C)CC(=O)NC2=CC3=C(C=C2)SC4=C(C3)C=CC=C4C5=CC(=O)C=C(O5)N6CCOCC6
BIRB-796,CC1=CC=C(C=C1)N2C(=CC(=N2)C(C)(C)C)NC(=O)NC3=CC=C(C4=CC=CC=C43)OCCN5CCOCC5
KW-2449,C1CN(CCN1)C(=O)C2=CC=C(C=C2)C=CC3=NNC4=CC=CC=C43
RAF265,CN1C2=C(C=C(C=C2)OC3=CC(=NC=C3)C4=NC=C(N4)C(F)(F)F)N=C1NC5=CC=C(C=C5)C(F)(F)F
silmitasertib,C1=CC(=CC(=C1)Cl)NC2=NC3=C(C=CC(=C3)C(=O)O)C4=C2C=CN=C4
BRD-K03911514,CCCC[C@H](NC(=O)[C@H](CCCNC(N)=N)NC(=O)[C@H](CCC(N)=O)NC(=O)[C@@H](NC(=O)[C@]1(C)CCC\C=C/CCC[C@](C)(NC(=O)[C@H](CC(C)C)NC(=O)[C@H](CO)NC(=O)[C@H](CCCNC(N)=N)NC(=O)[C@H](CCC(O)=O)NC(=O)[C@H](CCCNC(N)=N)NC(=O)[C@H](Cc2cnc[nH]2)NC(=O)[C@H](CCC(O)=O)NC(=O)[C@H](CC(C)C)NC(=O)[C@H](CCC(N)=O)NC(=O)[C@H](CCC(O)=O)NC(=O)[C@H](CCC(N)=O)NC(=O)[C@H](CO)NC(=O)[C@H](CC(C)C)NC(C)=O)C(=O)N[C@@H]([C@@H](C)O)C(=O)N[C@@H](CC(C)C)C(=O)N[C@@H](CCCNC(N)=N)C(=O)N1)[C@@H](C)CC)C(=O)N[C@@H](CC(C)C)C(=O)N[C@@H](Cc1ccccc1)C(N)=O
BRD-K16130065,CC[C@H](C)[C@H](NC(C)=O)C(=O)N[C@@H](Cc1c[nH]c2ccccc12)C(=O)N[C@@H]([C@@H](C)CC)C(=O)N[C@@H](C)C(=O)N[C@@H](CCC(N)=O)C(=O)N[C@@H](CCC(O)=O)C(=O)N[C@@H](CC(C)C)C(=O)N[C@@H](CC(O)=O)C(=O)N[C@@]1(C)CCC\C=C/CCC[C@](C)(NC(=O)[C@H](CC(O)=O)NC(=O)CNC(=O)[C@@H](NC1=O)[C@@H](C)CC)C(=O)N[C@@H](Cc1ccccc1)C(=O)N[C@@H](CC(N)=O)C(=O)N[C@@H](C)C(=O)N[C@@H](Cc1ccc(O)cc1)C(=O)N[C@@H](Cc1ccc(O)cc1)C(=O)N[C@@H](C)C(=O)N[C@@H](CCCNC(N)=N)C(=O)N[C@@H](CCCNC(N)=N)C(N)=O
momelotinib,C1COCCN1C2=CC=C(C=C2)NC3=NC=CC(=N3)C4=CC=C(C=C4)C(=O)NCC#N
CAL-101,CCC(C1=NC2=C(C(=CC=C2)F)C(=O)N1C3=CC=CC=C3)NC4=NC=NC5=C4NC=N5
LY-2157299,CC1=NC(=CC=C1)C2=NN3CCCC3=C2C4=C5C=C(C=CC5=NC=C4)C(=O)N
OSI-027,COC1=CC=CC2=C1NC(=C2)C3=C4C(=NC=NN4C(=N3)C5CCC(CC5)C(=O)O)N
PIK-93,CC1=C(SC(=N1)NC(=O)C)C2=CC(=C(C=C2)Cl)S(=O)(=O)NCCO
AZD7762,C1CC(CNC1)NC(=O)C2=C(C=C(S2)C3=CC(=CC=C3)F)NC(=O)N
birinapant,CCC(C(=O)N1CC(CC1CC2=C(NC3=C2C=CC(=C3)F)C4=C(C5=C(N4)C=C(C=C5)F)CC6CC(CN6C(=O)C(CC)NC(=O)C(C)NC)O)O)NC(=O)C(C)NC
KX2-391,C1COCCN1CCOC2=CC=C(C=C2)C3=CN=C(C=C3)CC(=O)NCC4=CC=CC=C4
3-Cl-AHPC,C1C2CC3CC1CC(C2)(C3)C4=C(C=CC(=C4)C5=C(C=C(C=C5)C=CC(=O)O)Cl)O
BRD-K58730230,CC(C)C[C@H](NC(=O)[C@H](C)NC(=O)[C@H](CCCCN)NC(=O)[C@H](CCCNC(N)=N)NC(C)=O)C(=O)N[C@@H](CCC(O)=O)C(=O)N[C@@H]([C@@H](C)O)C(=O)N[C@@H](CC(C)C)C(=O)N[C@@H](CCCNC(N)=N)C(=O)N[C@@H](CCCNC(N)=N)C(=O)N[C@@H](C(C)C)C(=O)NCC(=O)N[C@@H](CC(O)=O)C(=O)N[C@@H](CCC(O)=O)C(=O)N[C@@H](C(C)C)C(=O)N[C@@]1(C)CCC\C=C/CCC[C@](C)(NC(=O)[C@H](Cc2cnc[nH]2)NC(=O)[C@H](CC(N)=O)NC(=O)[C@H](CCCNC(N)=N)NC1=O)C(=O)N[C@@H]([C@@H](C)O)C(=O)N[C@@H](C)C(=O)N[C@@H](Cc1ccccc1)C(N)=O
BRD-K27188169,CC(C)C[C@H](NC(=O)[C@H](C)NC(=O)[C@H](CCCCN)NC(=O)[C@H](CCCNC(N)=N)NC(C)=O)C(=O)N[C@@H](CCC(O)=O)C(=O)N[C@@H]([C@@H](C)O)C(=O)N[C@@H](CC(C)C)C(=O)N[C@@H](CCCNC(N)=N)C(=O)N[C@@H](CCCNC(N)=N)C(=O)N[C@@H](C(C)C)C(=O)NCC(=O)N[C@@H](CC(O)=O)C(=O)NCC(=O)N[C@@H](C(C)C)C(=O)N[C@@]1(C)CCC\C=C/CCC[C@](C)(NC(=O)[C@H](Cc2cnc[nH]2)NC(=O)[C@H](CC(N)=O)NC(=O)[C@H](CCCNC(N)=N)NC1=O)C(=O)N[C@@H]([C@@H](C)O)C(=O)N[C@@H](C)C(=O)N[C@@H](Cc1ccccc1)C(N)=O
WAY-362450,CC(C)OC(=O)C1=CN(CC(C2=C1NC3=CC=CC=C32)(C)C)C(=O)C4=CC(=C(C=C4)F)F
BRD-K13185470,CC(C)C[C@H](NC(=O)[C@H](C)NC(=O)[C@H](CCCCN)NC(=O)[C@H](CCCNC(N)=N)NC(C)=O)C(=O)N[C@@H](CCC(O)=O)C(=O)N[C@@H]([C@@H](C)O)C(=O)N[C@@H](CC(C)C)C(=O)N[C@@H](CCCNC(N)=N)C(=O)N[C@@H](CCCNC(N)=N)C(=O)N[C@@H](C(C)C)C(=O)N[C@@H](CCC(O)=O)C(=O)N[C@@H](CC(O)=O)C(=O)NCC(=O)N[C@@H](C(C)C)C(=O)N[C@@]1(C)CCC\C=C/CCC[C@](C)(NC(=O)[C@H](Cc2cnc[nH]2)NC(=O)[C@H](CC(N)=O)NC(=O)[C@H](CCCNC(N)=N)NC1=O)C(=O)N[C@@H]([C@@H](C)O)C(=O)N[C@@H](C)C(=O)N[C@@H](Cc1ccccc1)C(N)=O
BRD-K03536150,CC1=NN(C(=O)C\1=N\Nc1ccccc1C(O)=O)c1nc(cs1)-c1ccccc1
BRD-K34222889,COC1=CC=C(C=C1)C#CC2=CCCN(C2=O)C(=O)C=CC3=CC(=C(C(=C3)OC)OC)OC
linsitinib,CC1(CC(C1)C2=NC(=C3N2C=CN=C3N)C4=CC5=C(C=C4)C=CC(=N5)C6=CC=CC=C6)O
ML006,C1COCCN1C2=NC(=C(N=N2)C3=CC=CC=C3)C4=CC=CC=C4
tretinoin,CC1=C(C(CCC1)(C)C)C=CC(=CC=CC(=CC(=O)O)C)C
isoliquiritigenin,C1=CC(=CC=C1C=CC(=O)C2=C(C=C(C=C2)O)O)O
NSC23766,CCN(CC)CCCC(C)NC1=NC(=CC(=N1)NC2=CC3=C(C=C(N=C3C=C2)C)N)C
N9-isopropylolomoucine,CC(C)N1C=NC2=C(N=C(N=C21)NCCO)NCC3=CC=CC=C3
pifithrin-alpha,CC1=CC=C(C=C1)C(=O)CN2C3=C(CCCC3)SC2=N.Br
BIX-01294,CN1CCCN(CC1)C2=NC3=CC(=C(C=C3C(=N2)NC4CCN(CC4)CC5=CC=CC=C5)OC)OC
dexamethasone,CC1CC2C3CCC4=CC(=O)C=CC4(C3(C(CC2(C1(C(=O)CO)O)C)O)F)C
selumetinib,CN1C=NC2=C1C=C(C(=C2F)NC3=C(C=C(C=C3)Br)Cl)C(=O)NOCCO
ML029,CC1=CC2=C(C=C1C)N(C(=N2)NCCCO)CC(=O)C3=CC(=C(C(=C3)C(C)(C)C)O)C(C)(C)C
CI-976,CCCCCCCCCCC(C)(C)C(=O)NC1=C(C=C(C=C1OC)OC)OC
necrostatin-1,CN1C(=O)C(NC1=S)CC2=CNC3=CC=CC=C32
AA-COCF3,CCCCCC=CCC=CCC=CCC=CCCCC(=O)C(F)(F)F
TG-101348,CC1=CN=C(N=C1NC2=CC(=CC=C2)S(=O)(=O)NC(C)(C)C)NC3=CC=C(C=C3)OCCN4CCCC4
pluripotin,CC1=C(C=C(C=C1)NC(=O)C2=CC(=CC=C2)C(F)(F)F)N3CC4=CN=C(N=C4N(C3=O)C)NC5=CC(=NN5C)C
BMS-536924,CC1=CC(=CC2=C1N=C(N2)C3=C(C=CNC3=O)NCC(C4=CC(=CC=C4)Cl)O)N5CCOCC5
BRD-K09587429,CC(C1=CC=CC=C1)NC(=O)CC2CCC(C(O2)CO)NC(=O)CN3CCOCC3
tandutinib,CC(C)OC1=CC=C(C=C1)NC(=O)N2CCN(CC2)C3=NC=NC4=CC(=C(C=C43)OC)OCCCN5CCCCC5
TG-100-115,C1=CC(=CC(=C1)O)C2=NC3=C(N=C(N=C3N=C2C4=CC(=CC=C4)O)N)N
crizotinib,CC(C1=C(C=CC(=C1Cl)F)Cl)OC2=C(N=CC(=C2)C3=CN(N=C3)C4CCNCC4)N
lapatinib,CS(=O)(=O)CCNCC1=CC=C(O1)C2=CC3=C(C=C2)N=CN=C3NC4=CC(=C(C=C4)OCC5=CC(=CC=C5)F)Cl
elocalcitol,CCC(CC)(C=CCC(C)C1=CCC2C1(CCCC2=CC=C3CC(CC(C3=C)F)O)C)O
cabozantinib,COC1=CC2=C(C=CN=C2C=C1OC)OC3=CC=C(C=C3)NC(=O)C4(CC4)C(=O)NC5=CC=C(C=C5)F
phloretin,C1=CC(=CC=C1CCC(=O)C2=C(C=C(C=C2O)O)O)O
BRD-K26531177,COC1=CC(=CC(=C1OC)OC)CCC(=O)N2CCC=CC2=O
BMS-345541,CC1=CC2=C(C=C1)N=C(C3=NC=C(N23)C)NCCN
cyclophosphamide,C1CNP(=O)(OC1)N(CCCl)CCCl
niclosamide,C1=CC(=C(C=C1[N+](=O)[O-])Cl)NC(=O)C2=C(C=CC(=C2)Cl)O
gefitinib,COC1=C(C=C2C(=C1)N=CN=C2NC3=CC(=C(C=C3)F)Cl)OCCCN4CCOCC4
vorinostat,C1=CC=C(C=C1)NC(=O)CCCCCCC(=O)NO
AM-580,CC1(CCC(C2=C1C=CC(=C2)C(=O)NC3=CC=C(C=C3)C(=O)O)(C)C)C
Mdivi-1,COC1=C(C=C(C(=C1)N2C(=O)C3=CC=CC=C3NC2=S)Cl)Cl
axitinib,CNC(=O)C1=CC=CC=C1SC2=CC3=C(C=C2)C(=NN3)C=CC4=CC=CC=N4
navitoclax,CC1(CCC(=C(C1)CN2CCN(CC2)C3=CC=C(C=C3)C(=O)NS(=O)(=O)C4=CC(=C(C=C4)NC(CCN5CCOCC5)CSC6=CC=CC=C6)S(=O)(=O)C(F)(F)F)C7=CC=C(C=C7)Cl)C
Ki8751,COC1=CC2=C(C=CN=C2C=C1OC)OC3=CC(=C(C=C3)NC(=O)NC4=C(C=C(C=C4)F)F)F
oxaliplatin,C1CCC(C(C1)[NH-])[NH-].C(=O)(C(=O)O)O.[Pt+2]
tosedostat,CC(C)CC(C(C(=O)NO)O)C(=O)NC(C1=CC=CC=C1)C(=O)OC2CCCC2
barasertib,CCN(CCCOC1=CC2=C(C=C1)C(=NC=N2)NC3=NNC(=C3)CC(=O)NC4=CC(=CC=C4)F)CCOP(=O)(O)O
YL54,CC[C@H](C)[C@H](NC(=O)[C@H](CCCNC(N)=N)NC(=O)[C@H](CCCNC(N)=N)NC(=O)CCNC(C)=O)C(=O)N[C@]1(C)CCCC=C/CCC[C@@](C)(NC(=O)[C@H](CC(C)C)NC(=O)[C@H](CC(C)C)NC(=O)[C@H](CCSC)NC1=O)C(=O)N[C@@H](C)C(=O)N[C@@H](C)C(=O)N[C@@H](CC(N)=O)C(=O)N[C@@H](CCCNC(N)=N)C(=O)N[C@@H](CC(C)C)C(=O)N[C@@H](CCC(O)=O)C(=O)N[C@@H](CCCNC(N)=N)C(O)=O
PF-184,CC1(CN(CC1(C)CO)C2=NC=C(C(=C2)C(=O)NC3=CC4=C(CCC5=C4N(N=C5C(=O)N)C6=CC=C(C=C6)F)C=C3)Cl)CO
AT7867,C1CNCCC1(C2=CC=C(C=C2)C3=CNN=C3)C4=CC=C(C=C4)Cl
PD 153035,COC1=C(C=C2C(=C1)C(=NC=N2)NC3=CC(=CC=C3)Br)OC
tacedinaline,CC(=O)NC1=CC=C(C=C1)C(=O)NC2=CC=CC=C2N
NVP-BEZ235,CC(C)(C#N)C1=CC=C(C=C1)N2C3=C4C=C(C=CC4=NC=C3N(C2=O)C)C5=CC6=CC=CC=C6N=C5
omacetaxine mepesuccinate,CC(C)(CCCC(CC(=O)OC)(C(=O)OC1C2C3=CC4=C(C=C3CCN5C2(CCC5)C=C1OC)OCO4)O)O
avrainvillamide,CC1(C=CC2=C(O1)C=CC3=C2[N+](=C4C3=CC56C(C4(C)C)CC7(CCCN7C5=O)C(=O)N6)[O-])C
BRD-K09344309,CC1CN(C(=O)C2=C(C(=CC=C2)NC(=O)C3=CC=NC=C3)OC1CN(C)CC4=CC5=C(C=C4)OCO5)C(C)CO
isonicotinohydroxamic acid,C1=CN=CC=C1C(=O)NO
NSC19630,CCC(=O)OCN1C(=O)C=CC1=O
LRRK2-IN-1,CN1CCN(CC1)C2CCN(CC2)C(=O)C3=CC(=C(C=C3)NC4=NC=C5C(=N4)N(C6=CC=CC=C6C(=O)N5C)C)OC
KH-CB19,CCOC(=O)C1=C(C2=C(N1C)C(=C(C=C2)Cl)Cl)C(=CN)C#N
abiraterone,CC12CCC(CC1=CCC3C2CCC4(C3CC=C4C5=CN=CC=C5)C)O
KPT185,CC(C)OC(=O)C=CN1C=NC(=N1)C2=CC(=CC(=C2)OC)C(F)(F)F
pitstop2,C1=CC=C2C(=C1)C=CC=C2S(=O)(=O)N=C3NC(=O)C(=CC4=CC=C(C=C4)Br)S3
R428,C1CCN(C1)C2CCC3=C(CC2)C=C(C=C3)NC4=NN(C(=N4)N)C5=NN=C6C(=C5)CCCC7=CC=CC=C76
ibrutinib,C=CC(=O)N1CCCC(C1)N2C3=NC=NC(=C3C(=N2)C4=CC=C(C=C4)OC5=CC=CC=C5)N
sotrastaurin,CN1CCN(CC1)C2=NC3=CC=CC=C3C(=N2)C4=C(C(=O)NC4=O)C5=CNC6=CC=CC=C65
A-804598,CC(C1=CC=CC=C1)N=C(NC#N)NC2=CC=CC3=C2C=CC=N3
COL-3,C1C2CC3=C(C(=CC=C3)O)C(=C2C(=O)C4(C1CC(=O)C(=C4O)C(=O)N)O)O
ABT-199,CC1(CCC(=C(C1)C2=CC=C(C=C2)Cl)CN3CCN(CC3)C4=CC(=C(C=C4)C(=O)NS(=O)(=O)C5=CC(=C(C=C5)NCC6CCOCC6)[N+](=O)[O-])OC7=CN=C8C(=C7)C=CN8)C
ETP-46464,CC(C)(C#N)C1=CC=C(C=C1)N2C3=C4C=C(C=CC4=NC=C3COC2=O)C5=CC6=CC=CC=C6N=C5
marinopyrrole A,C1=CC=C(C(=C1)C(=O)C2=CC(=C(N2C3=C(NC(=C3Cl)Cl)C(=O)C4=CC=CC=C4O)Cl)Cl)O
methylstat,COC(=O)C=CC(=O)N(CCCCNCC1=CC=C(C=C1)COC(=O)NC2=CC=CC3=CC=CC=C32)O
BYL-719,CC1=C(SC(=N1)NC(=O)N2CCCC2C(=O)N)C3=CC(=NC=C3)C(C)(C)C(F)(F)F
GSK2636771,CC1=C(C=CC=C1C(F)(F)F)CN2C(=NC3=C(C=C(C=C32)N4CCOCC4)C(=O)O)C
JW-74,CC1=CC=C(C=C1)C2=NOC(=N2)CSC3=NN=C(N3C4=CC=C(C=C4)OC)C5=CC=NC=C5
necrosulfonamide,COC1=NC=CN=C1NS(=O)(=O)C2=CC=C(C=C2)NC(=O)C=CC3=CC=C(S3)[N+](=O)[O-]
palmostatin B,CCCCCCCCCCC1C(OC1=O)CCC2=CC(=C(C=C2)OC)OC
JW-55,COC1=CC=C(C=C1)C2(CCOCC2)CNC(=O)C3=CC=C(C=C3)NC(=O)C4=CC=CO4
AT-406,CC(C)CC(=O)N1CCC2CCC(N2C(=O)C(C1)NC(=O)C(C)NC)C(=O)NC(C3=CC=CC=C3)C4=CC=CC=C4
salermide,CC(C1=CC=CC=C1)C(=O)NC2=CC(=CC=C2)N=CC3=C(C=CC4=CC=CC=C43)O
WZ4002,CN1CCN(CC1)C2=CC(=C(C=C2)NC3=NC=C(C(=N3)OC4=CC=CC(=C4)NC(=O)C=C)Cl)OC
ML334 diastereomer,OC(=O)[C@@H]1CCCC[C@@H]1C(=O)N1CCc2ccccc2[C@H]1CN1C(=O)c2ccccc2C1=O
GSK1059615,C1=CC2=NC=CC(=C2C=C1C=C3C(=O)NC(=O)S3)C4=CC=NC=C4
BRD-K55473186,CCC(C)C(C(=O)NC1(CCCC=CCCCC(NC(=O)C(NC(=O)C(NC(=O)C(NC1=O)CC(C)C)CS)CCCNC(=N)N)(C)C(=O)NC(CC2=CNC=N2)C(=O)NC(CC3=CNC=N3)C(=O)NC(CO)C(=O)NC(C(C)O)C(=O)N)C)NC(=O)C(CCCNC(=N)N)NC(=O)C(CCCNC(=N)N)NC(=O)C(CCCNC(=N)N)NC(=O)C(CC(C)C)NC(=O)C(CCCNC(=N)N)NC(=O)C(CCC(=O)O)NC(=O)CCNC(=O)C
VAF-347,FC(F)(F)c1ccc(Nc2nccc(n2)-c2cccc(Cl)c2)cc1
BRD-M00053801,CC1C2CC(C2(C)C)CC1NC(=O)C3C(C(ON3CC4=CC(=CC=C4)CN(CCN(C)C)C(C5CCCCC5)C6=CC=CC=C6)CO)C(C)O.CC1C2CC(C2(C)C)CC1NC(=O)C3C(C(ON3CC4=CC(=CC=C4)CN(CCN(C)C)C(C5CCCCC5)C6=CC=CC=C6)CO)C(C)O
thalidomide,C1CC(=O)NC(=O)C1N2C(=O)C3=CC=CC=C3C2=O
belinostat,C1=CC=C(C=C1)NS(=O)(=O)C2=CC=CC(=C2)C=CC(=O)NO
O-6-benzylguanine,C1=CC=C(C=C1)COC2=NC(=NC3=C2NC=N3)N
BRD-K90370028,CC(=O)NC1CC=CCCC(=O)NC(COC1=O)C2=CC=CC=C2
cediranib,CC1=CC2=C(N1)C=CC(=C2F)OC3=NC=NC4=CC(=C(C=C43)OC)OCCCN5CCCC5
BRD-K48477130,CC1=C2C(C3=C(CC(CC3=O)(C)C)NC2=NN1)C4=CC=CC=C4
AZD1480,CC1=CC(=NN1)NC2=NC(=NC=C2Cl)NC(C)C3=NC=C(C=N3)F
BRD-A05715709,CC1=CC=CC=C1C(C(=O)NC2CCCCC2)N(C3=CC(=CC=C3)F)C(=O)CC4=CC=NC=C4
docetaxel,CC1=C2C(C(=O)C3(C(CC4C(C3C(C(C2(C)C)(CC1OC(=O)C(C(C5=CC=CC=C5)NC(=O)OC(C)(C)C)O)O)OC(=O)C6=CC=CC=C6)(CO4)OC(=O)C)O)C)O
BRD-K99006945,CCN(CC)C1=CC=C(C=C1)C2=NNC(=O)CC2C
trametinib,CC1=C2C(=C(N(C1=O)C)NC3=C(C=C(C=C3)I)F)C(=O)N(C(=O)N2C4=CC=CC(=C4)NC(=O)C)C5CC5
RO4929097,CC(C)(C(=O)NCC(C(F)(F)F)(F)F)C(=O)NC1C2=CC=CC=C2C3=CC=CC=C3NC1=O
dinaciclib,CCC1=C2N=C(C=C(N2N=C1)NCC3=C[N+](=CC=C3)[O-])N4CCCCC4CCO
MLN2480,CC(C1=NC=C(S1)C(=O)NC2=NC=C(C(=C2)C(F)(F)F)Cl)NC(=O)C3=C(C(=NC=N3)N)Cl
BRD-K51831558,CC1=CC(=C(C(=O)N1)CNC(=O)C2=C3C=NN(C3=CC(=C2)Br)C(C)C)C
istradefylline,CCN1C2=C(C(=O)N(C1=O)CC)N(C(=N2)C=CC3=CC(=C(C=C3)OC)OC)C
MI-2,CCCC1=CC2=C(N=CN=C2S1)N3CCN(CC3)C4=NCC(S4)(C)C
BRD-K42260513,CC1=CC(=C(C(=O)N1)CNC(=O)C2=C3C=NN(C3=CC(=C2)C4=CN=C(C=C4)N5CCNCC5)C(C)C)C
alvocidib,CN1CCC(C(C1)O)C2=C(C=C(C3=C2OC(=CC3=O)C4=CC=CC=C4Cl)O)O
CBB-1007,COC(=O)C1=CC(=CC(=C1)C(=O)N2CCN(CC2)C(=O)C3=CC=C(C=C3)C(=N)N)CN4CCN(CC4)C(=N)N
BRD-A86708339,Cc1ccc(cc1)C(NC(=O)c1ccccc1)c1ccc2cccnc2c1O
PF-3758309,CC1=NC2=C(C(=N1)NC3=NNC4=C3CN(C4(C)C)C(=O)NC(CN(C)C)C5=CC=CC=C5)SC=C2
dabrafenib,CC(C)(C)C1=NC(=C(S1)C2=NC(=NC=C2)N)C3=C(C(=CC=C3)NS(=O)(=O)C4=C(C=CC=C4F)F)F
SZ4TA2,CC1(CCN(CC1)C2=CC=C(C=C2)C(=O)NS(=O)(=O)C3=CC(=C(C=C3)NCCSC4=CC=CC=C4)[N+](=O)[O-])C
AT13387,CC(C)C1=CC(=C(C=C1O)O)C(=O)N2CC3=C(C2)C=C(C=C3)CN4CCN(CC4)C
BCL-LZH-4,CC1=C(C(N2C(=O)C(=CC3=CN(C4=CC=CC=C43)CC5=CC=CC=C5)SC2=N1)C6=CC=C(C=C6)OC)C(=O)NC7=CC=CC=C7
skepinone-L,C1CC2=C(C=CC(=C2)NC3=C(C=C(C=C3)F)F)C(=O)C4=C1C=CC(=C4)OCC(CO)O
PF-4800567 hydrochloride,C1COCCC1N2C3=NC=NC(=C3C(=N2)COC4=CC(=CC=C4)Cl)N.Cl
avicin D,CC1C(C(C(C(O1)OCC2C(C(C(C(O2)OC3CCC4(C(C3(C)C)CCC5(C4CC=C6C5(CC(C7(C6CC(C(C7)OC(=O)C(=CCCC(C)(C=C)OC8C(C(C(C(O8)C)OC(=O)C(=CCCC(C)(C=C)O)CO)O)O)CO)(C)C)C(=O)OC9C(C(C(C(O9)CO)O)O)OC1C(C(C(C(O1)C)OC1C(C(C(O1)CO)O)O)OC1C(C(C(C(O1)CO)O)O)O)O)O)C)C)C)NC(=O)C)O)O)OC1C(C(C(CO1)O)O)O)O)O
VX-680,CC1=CC(=NN1)NC2=CC(=NC(=N2)SC3=CC=C(C=C3)NC(=O)C4CC4)N5CCN(CC5)C
BRD-K01737880,CC1CN(C(=O)C2=C(C=CC(=C2)NC(=O)NC3=CC=C(C=C3)OC)OC1CN(C)CC4=CC5=C(C=C4)OCO5)C(C)CO
bafilomycin A1,CC1CC(=CC=CC(C(OC(=O)C(=CC(=CC(C1O)C)C)OC)C(C)C(C(C)C2(CC(C(C(O2)C(C)C)C)O)O)O)OC)C
SR8278,CCOC(=O)C1CC2=CC=CC=C2CN1C(=O)C3=CC=C(S3)SC
BRD-K30748066,CC1=C(SC(=O)N1C)C2=NC(=NC=C2)NC3=CC=C(C=C3)N4CCNCC4
Camptothecin,CCC1(C2=C(COC1=O)C(=O)N3CC4=CC5=CC=CC=C5N=C4C3=C2)O
Vinblastine,CCC1(CC2CC(C3=C(CCN(C2)C1)C4=CC=CC=C4N3)(C5=C(C=C6C(=C5)C78CCN9C7C(C=CC9)(C(C(C8N6C)(C(=O)OC)O)OC(=O)C)CC)OC)C(=O)OC)O
Cisplatin,N.N.Cl[Pt]Cl
Cytarabine,C1=CN(C(=O)N=C1N)C2C(C(C(O2)CO)O)O
Docetaxel,CC1=C2C(C(=O)C3(C(CC4C(C3C(C(C2(C)C)(CC1OC(=O)C(C(C5=CC=CC=C5)NC(=O)OC(C)(C)C)O)O)OC(=O)C6=CC=CC=C6)(CO4)OC(=O)C)O)C)O
Methotrexate,CN(CC1=CN=C2C(=N1)C(=NC(=N2)N)N)C3=CC=C(C=C3)C(=O)NC(CCC(=O)O)C(=O)O
Tretinoin,CC1=C(C(CCC1)(C)C)C=CC(=CC=CC(=CC(=O)O)C)C
Gefitinib,COC1=C(C=C2C(=C1)N=CN=C2NC3=CC(=C(C=C3)F)Cl)OCCCN4CCOCC4
Navitoclax,CC1(CCC(=C(C1)CN2CCN(CC2)C3=CC=C(C=C3)C(=O)NS(=O)(=O)C4=CC(=C(C=C4)NC(CCN5CCOCC5)CSC6=CC=CC=C6)S(=O)(=O)C(F)(F)F)C7=CC=C(C=C7)Cl)C
Nilotinib,CC1=C(C=C(C=C1)C(=O)NC2=CC(=CC(=C2)C(F)(F)F)N3C=C(N=C3)C)NC4=NC=CC(=N4)C5=CN=CC=C5
Refametinib,COC1=CC(=C(C(=C1NS(=O)(=O)C2(CC2)CC(CO)O)NC3=C(C=C(C=C3)I)F)F)F
Temsirolimus,CC1CCC2CC(C(=CC=CC=CC(CC(C(=O)C(C(C(=CC(C(=O)CC(OC(=O)C3CCCCN3C(=O)C(=O)C1(O2)O)C(C)CC4CCC(C(C4)OC)OC(=O)C(C)(CO)CO)C)C)O)OC)C)C)C)OC
Olaparib,C1CC1C(=O)N2CCN(CC2)C(=O)C3=C(C=CC(=C3)CC4=NNC(=O)C5=CC=CC=C54)F
Veliparib,CC1(CCCN1)C2=NC3=C(C=CC=C3N2)C(=O)N
Bosutinib,CN1CCN(CC1)CCCOC2=C(C=C3C(=C2)N=CC(=C3NC4=CC(=C(C=C4Cl)Cl)OC)C#N)OC
Lenalidomide,C1CC(=O)NC(=O)C1N2CC3=C(C2=O)C=CC=C3N
Axitinib,CNC(=O)C1=CC=CC=C1SC2=CC3=C(C=C2)C(=NN3)C=CC4=CC=CC=N4
GW441756,CN1C=C(C2=CC=CC=C21)C=C3C4=C(C=CC=N4)NC3=O
Lestaurtinib,CC12C(CC(O1)N3C4=CC=CC=C4C5=C6C(=C7C8=CC=CC=C8N2C7=C53)CNC6=O)(CO)O
SB216763,CN1C=C(C2=CC=CC=C21)C3=C(C(=O)NC3=O)C4=C(C=C(C=C4)Cl)Cl
Tanespimycin,CC1CC(C(C(C=C(C(C(C=CC=C(C(=O)NC2=CC(=O)C(=C(C1)C2=O)NCC=C)C)OC)OC(=O)N)C)C)O)OC
Motesanib,CC1(CNC2=C1C=CC(=C2)NC(=O)C3=C(N=CC=C3)NCC4=CC=NC=C4)C
Elesclomol,CN(C(=S)C1=CC=CC=C1)NC(=O)CC(=O)NN(C)C(=S)C2=CC=CC=C2
Afatinib,CN(C)CC=CC(=O)NC1=C(C=C2C(=C1)C(=NC=N2)NC3=CC(=C(C=C3)F)Cl)OC4CCOC4
Vismodegib,CS(=O)(=O)C1=CC(=C(C=C1)C(=O)NC2=CC(=C(C=C2)Cl)C3=CC=CC=N3)Cl
Staurosporine,CC12C(C(CC(O1)N3C4=CC=CC=C4C5=C6C(=C7C8=CC=CC=C8N2C7=C53)CNC6=O)NC)OC
NU7441,C1COCCN1C2=CC(=O)C3=C(O2)C(=CC=C3)C4=CC=CC5=C4SC6=CC=CC=C56
SL0101,CC1C(C(C(C(O1)OC2=C(OC3=CC(=CC(=C3C2=O)O)O)C4=CC=C(C=C4)O)O)OC(=O)C)OC(=O)C
Doramapimod,CC1=CC=C(C=C1)N2C(=CC(=N2)C(C)(C)C)NC(=O)NC3=CC=C(C4=CC=CC=C43)OCCN5CCOCC5
JNK Inhibitor VIII,CCOC1=C(C(=CC(=N1)NC(=O)CC2=C(C=CC(=C2)OC)OC)N)C#N
Nutlin-3a (-),CC(C)OC1=C(C=CC(=C1)OC)C2=NC(C(N2C(=O)N3CCNC(=O)C3)C4=CC=C(C=C4)Cl)C5=CC=C(C=C5)Cl
PD173074,CCN(CC)CCCCNC1=NC2=NC(=C(C=C2C=N1)C3=CC(=CC(=C3)OC)OC)NC(=O)NC(C)(C)C
ZM447439,COC1=C(C=C2C(=C1)C(=NC=N2)NC3=CC=C(C=C3)NC(=O)C4=CC=CC=C4)OCCCN5CCOCC5
Alisertib,COC1=C(C(=CC=C1)F)C2=NCC3=CN=C(N=C3C4=C2C=C(C=C4)Cl)NC5=CC(=C(C=C5)C(=O)O)OC
RO-3306,C1=CC2=C(C=CC(=C2)C=C3C(=O)NC(=NCC4=CC=CS4)S3)N=C1
Palbociclib,CC1=C(C(=O)N(C2=NC(=NC=C12)NC3=NC=C(C=C3)N4CCNCC4)C5CCCC5)C(=O)C
Dactolisib,CC(C)(C#N)C1=CC=C(C=C1)N2C3=C4C=C(C=CC4=NC=C3N(C2=O)C)C5=CC6=CC=CC=C6N=C5
Pictilisib,CS(=O)(=O)N1CCN(CC1)CC2=CC3=C(S2)C(=NC(=N3)C4=C5C=NNC5=CC=C4)N6CCOCC6
PD0325901,C1=CC(=C(C=C1I)F)NC2=C(C=CC(=C2F)F)C(=O)NOCC(CO)O
SB590885,CN(C)CCOC1=CC=C(C=C1)C2=NC(=C(N2)C3=CC=NC=C3)C4=CC5=C(C=C4)C(=NO)CC5
Selumetinib,CN1C=NC2=C1C=C(C(=C2F)NC3=C(C=C(C=C3)Br)Cl)C(=O)NOCCO
CCT007093,C1CC(=CC2=CC=CS2)C(=O)C1=CC3=CC=CS3
EHT-1864,C1COCCN1CC2=CC(=O)C(=CO2)OCCCCCSC3=C4C=CC(=CC4=NC=C3)C(F)(F)F.Cl.Cl
Avagacestat,C1=CC(=CC=C1S(=O)(=O)N(CC2=C(C=C(C=C2)C3=NOC=N3)F)C(CCC(F)(F)F)C(=O)N)Cl
5-Fluorouracil,C1=C(C(=O)NC(=O)N1)F
Dasatinib,CC1=C(C(=CC=C1)Cl)NC(=O)C2=CN=C(S2)NC3=CC(=NC(=N3)C)N4CCN(CC4)CCO
Paclitaxel,CC1=C2C(C(=O)C3(C(CC4C(C3C(C(C2(C)C)(CC1OC(=O)C(C(C5=CC=CC=C5)NC(=O)C6=CC=CC=C6)O)O)OC(=O)C7=CC=CC=C7)(CO4)OC(=O)C)O)C)OC(=O)C
Crizotinib,CC(C1=C(C=CC(=C1Cl)F)Cl)OC2=C(N=CC(=C2)C3=CN(N=C3)C4CCNCC4)N
Rapamycin,CC1CCC2CC(C(=CC=CC=CC(CC(C(=O)C(C(C(=CC(C(=O)CC(OC(=O)C3CCCCN3C(=O)C(=O)C1(O2)O)C(C)CC4CCC(C(C4)OC)O)C)C)O)OC)C)C)C)OC
Sorafenib,CNC(=O)C1=NC=CC(=C1)OC2=CC=C(C=C2)NC(=O)NC3=CC(=C(C=C3)Cl)C(F)(F)F
Irinotecan,CCC1=C2CN3C(=CC4=C(C3=O)COC(=O)C4(CC)O)C2=NC5=C1C=C(C=C5)OC(=O)N6CCC(CC6)N7CCCCC7
Oxaliplatin,C1CCC(C(C1)[NH-])[NH-].C(=O)(C(=O)O)O.[Pt+2]
GSK1904529A,CCC1=CC(=C(C=C1N2CCC(CC2)N3CCN(CC3)S(=O)(=O)C)OC)NC4=NC=CC(=N4)C5=C(N=C6N5C=CC=C6)C7=CC(=C(C=C7)OC)C(=O)NC8=C(C=CC=C8F)F
Tozasertib,CC1=CC(=NN1)NC2=CC(=NC(=N2)SC3=CC=C(C=C3)NC(=O)C4CC4)N5CCN(CC5)C
PRIMA-1MET,COCC1(C(=O)C2CCN1CC2)CO
Serdemetan,C1=CC=C2C(=C1)C(=CN2)CCNC3=CC=C(C=C3)NC4=CC=NC=C4
TW 37,CC(C)C1=CC=CC=C1CC2=CC(=C(C(=C2O)O)O)C(=O)NC3=CC=C(C=C3)S(=O)(=O)C4=CC=CC=C4C(C)(C)C
Erlotinib,COCCOC1=C(C=C2C(=C1)C(=NC=N2)NC3=CC=CC(=C3)C#C)OCCOC
CCT-018159,CCC1=CC(=C(C=C1O)O)C2=NNC(=C2C3=CC4=C(C=C3)OCCO4)C
Rucaparib,CNCC1=CC=C(C=C1)C2=C3CCNC(=O)C4=C3C(=CC(=C4)F)N2
Niraparib,C1CC(CNC1)C2=CC=C(C=C2)N3C=C4C=CC=C(C4=N3)C(=O)N
Dinaciclib,CCC1=C2N=C(C=C(N2N=C1)NCC3=C[N+](=CC=C3)[O-])N4CCCCC4CCO
Gemcitabine,C1=CN(C(=O)N=C1N)C2C(C(C(O2)CO)O)(F)F
SB505124,CC1=NC(=CC=C1)C2=C(N=C(N2)C(C)(C)C)C3=CC4=C(C=C3)OCO4
Tamoxifen,CCC(=C(C1=CC=CC=C1)C2=CC=C(C=C2)OCCN(C)C)C3=CC=CC=C3
Fulvestrant,CC12CCC3C(C1CCC2O)C(CC4=C3C=CC(=C4)O)CCCCCCCCCS(=O)CCCC(C(F)(F)F)(F)F
EPZ004777,CC(C)N(CCCNC(=O)NC1=CC=C(C=C1)C(C)(C)C)CC2C(C(C(O2)N3C=CC4=C(N=CN=C43)N)O)O
Daporinad,C1CN(CCC1CCCCNC(=O)C=CC2=CN=CC=C2)C(=O)C3=CC=CC=C3
AZ960,CC1=CC(=NN1)NC2=C(C=C(C(=N2)NC(C)C3=CC=C(C=C3)F)C#N)F
Talazoparib,CN1C(=NC=N1)C2C(NC3=CC(=CC4=C3C2=NNC4=O)F)C5=CC=C(C=C5)F
XAV939,C1CSCC2=C1N=C(NC2=O)C3=CC=C(C=C3)C(F)(F)F
Trametinib,CC1=C2C(=C(N(C1=O)C)NC3=C(C=C(C=C3)I)F)C(=O)N(C(=O)N2C4=CC=CC(=C4)NC(=O)C)C5CC5
Dabrafenib,CC(C)(C)C1=NC(=C(S1)C2=NC(=NC=C2)N)C3=C(C(=CC=C3)NS(=O)(=O)C4=C(C=CC=C4F)F)F
Temozolomide,CN1C(=O)N2C=NC(=C2N=N1)C(=O)N
Bleomycin (50 uM),CC1=C(N=C(N=C1N)C(CC(=O)N)NCC(C(=O)N)N)C(=O)NC(C(C2=CN=CN2)OC3C(C(C(C(O3)CO)O)O)OC4C(C(C(C(O4)CO)O)OC(=O)N)O)C(=O)NC(C)C(C(C)C(=O)NC(C(C)O)C(=O)NCCC5=NC(=CS5)C6=NC(=CS6)C(=O)NCCC[S+](C)C)O
AZD5438,CC1=NC=C(N1C(C)C)C2=NC(=NC=C2)NC3=CC=C(C=C3)S(=O)(=O)C
IAP_5620,CC(CC1=CC2=C(CCC2)C=C1)N
AZD2014,CC1COCCN1C2=NC(=NC3=C2C=CC(=N3)C4=CC(=CC=C4)C(=O)NC)N5CCOCC5C
AZD1208,C1CC(CN(C1)C2=C(C=CC=C2C3=CC=CC=C3)C=C4C(=O)NC(=O)S4)N
AZD1332,CC(C)OC1=NNC(=C1)NC2=NC(=NC=C2Cl)NC(C)C3=NC=C(C=C3)F
Bicalutamide,CC(CS(=O)(=O)C1=CC=C(C=C1)F)(C(=O)NC2=CC(=C(C=C2)C#N)C(F)(F)F)O
Ruxolitinib,C1CCC(C1)C(CC#N)N2C=C(C=N2)C3=C4C=CNC4=NC=N3
Linsitinib,CC1(CC(C1)C2=NC(=C3N2C=CN=C3N)C4=CC5=C(C=C4)C=CC(=N5)C6=CC=CC=C6)O
Epirubicin,CC1C(C(CC(O1)OC2CC(CC3=C2C(=C4C(=C3O)C(=O)C5=C(C4=O)C(=CC=C5)OC)O)(C(=O)CO)O)N)O
Cyclophosphamide,C1CNP(=O)(OC1)N(CCCl)CCCl
Pevonedistat,C1CC2=CC=CC=C2C1NC3=C4C=CN(C4=NC=N3)C5CC(C(C5)O)COS(=O)(=O)N
Sapitinib,CNC(=O)CN1CCC(CC1)OC2=C(C=C3C(=C2)C(=NC=N3)NC4=C(C(=CC=C4)Cl)F)OC
Uprosertib,CN1C(=C(C=N1)Cl)C2=C(OC(=C2)C(=O)NC(CC3=CC(=C(C=C3)F)F)CN)Cl
LCL161,CC(C(=O)NC(C1CCCCC1)C(=O)N2CCCC2C3=NC(=CS3)C(=O)C4=CC=C(C=C4)F)NC
Lapatinib,CS(=O)(=O)CCNCC1=CC=C(O1)C2=CC3=C(C=C2)N=CN=C3NC4=CC(=C(C=C4)OCC5=CC(=CC=C5)F)Cl
Luminespib,CCNC(=O)C1=NOC(=C1C2=CC=C(C=C2)CN3CCOCC3)C4=CC(=C(C=C4O)O)C(C)C
Alpelisib,CC1=C(SC(=N1)NC(=O)N2CCCC2C(=O)N)C3=CC(=NC=C3)C(C)(C)C(F)(F)F
Taselisib,CC1=NN(C(=N1)C2=CN3CCOC4=C(C3=N2)C=CC(=C4)C5=CN(N=C5)C(C)(C)C(=O)N)C(C)C
EPZ5676,CC(C)N(CC1C(C(C(O1)N2C=NC3=C(N=CN=C32)N)O)O)C4CC(C4)CCC5=NC6=C(N5)C=C(C=C6)C(C)(C)C
SCH772984,C1CN(CC1C(=O)NC2=CC3=C(C=C2)NN=C3C4=CC=NC=C4)CC(=O)N5CCN(CC5)C6=CC=C(C=C6)C7=NC=CC=N7
IWP-2,CC1=CC2=C(C=C1)N=C(S2)NC(=O)CSC3=NC4=C(C(=O)N3C5=CC=CC=C5)SCC4
GSK2801,CCCOC1=CC2=C(C=C(N2C=C1)C(=O)C)C3=CC=CC=C3S(=O)(=O)C
Bromosporine,CCOC(=O)NC1=CC(=NN2C1=NN=C2C)C3=CC(=C(C=C3)C)NS(=O)(=O)C
SGC-CBP30,CC1=C(C(=NO1)C)C2=CC3=C(C=C2)N(C(=N3)CCC4=CC(=C(C=C4)OC)Cl)CC(C)N5CCOCC5
GSK-LSD1,C1CNCCC1NC2CC2C3=CC=CC=C3
BDOCA000347a,COc1cc2n(C)c(=O)n(C)c2cc1NS(=O)(=O)c1ccc(Br)cc1C
BDF00022089a,CN1C=C(C=N1)CCN2C=NC(=C2C3=CC=C(C=C3)C#N)C4=CN(N=C4)C
BDILV000379a,CN1C=C(C=N1)CCN2C=NC(=C2C3=CC=C(C=C3)C#N)C4=CN(N=C4)C
LGK974,CC1=CC(=CN=C1C2=CC(=NC=C2)C)CC(=O)NC3=NC=C(C=C3)C4=NC=CN=C4
VE-822,CC(C)S(=O)(=O)C1=CC=C(C=C1)C2=CN=C(C(=N2)C3=CC(=NO3)C4=CC=C(C=C4)CNC)N
WZ4003,CCC(=O)NC1=CC(=CC=C1)OC2=NC(=NC=C2Cl)NC3=C(C=C(C=C3)N4CCN(CC4)C)OC
CZC24832,CC(C)(C)NS(=O)(=O)C1=CN=CC(=C1)C2=CN3C(=NC(=N3)N)C(=C2)F
AZD5582,CC(C(=O)NC(C1CCCCC1)C(=O)N2CCCC2C(=O)NC3C(CC4=CC=CC=C34)OCC#CC#CCOC5CC6=CC=CC=C6C5NC(=O)C7CCCN7C(=O)C(C8CCCCC8)NC(=O)C(C)NC)NC
GSK2606414,CN1C=C(C2=C(N=CN=C21)N)C3=CC4=C(C=C3)N(CC4)C(=O)CC5=CC(=CC=C5)C(F)(F)F
PFI3,C1C2CN(C1CN2C3=CC=CC=N3)C=CC(=O)C4=CC=CC=C4O
PCI-34051,COC1=CC=C(C=C1)CN2C=CC3=C2C=C(C=C3)C(=O)NO
Wnt-C59,CC1=NC=CC(=C1)C2=CC=C(C=C2)CC(=O)NC3=CC=C(C=C3)C4=CN=CC=C4
I-BET-762,CCNC(=O)CC1C2=NN=C(N2C3=C(C=C(C=C3)OC)C(=N1)C4=CC=C(C=C4)Cl)C
RVX-208,CC1=CC(=CC(=C1OCCO)C)C2=NC3=C(C(=CC(=C3)OC)OC)C(=O)N2
OTX015,CC1=C(SC2=C1C(=NC(C3=NN=C(N32)C)CC(=O)NC4=CC=C(C=C4)O)C5=CC=C(C=C5)Cl)C
GSK343,CCCC1=C(C(=O)NC(=C1)C)CNC(=O)C2=C3C=NN(C3=CC(=C2)C4=CC(=NC=C4)N5CCN(CC5)C)C(C)C
ML323,CC1=CN=C(N=C1NCC2=CC=C(C=C2)N3C=CN=N3)C4=CC=CC=C4C(C)C
Entospletinib,C1COCCN1C2=CC=C(C=C2)NC3=NC(=CN4C3=NC=C4)C5=CC6=C(C=C5)C=NN6
PRT062607,C1CCC(C(C1)N)NC2=NC=C(C(=N2)NC3=CC(=CC=C3)N4N=CC=N4)C(=O)N
Ribociclib,CN(C)C(=O)C1=CC2=CN=C(N=C2N1C3CCCC3)NC4=NC=C(C=C4)N5CCNCC5
AGI-6780,C1CC1NS(=O)(=O)C2=CC(=C(C=C2)C3=CSC=C3)NC(=O)NC4=CC=CC(=C4)C(F)(F)F
Picolinici-acid,C1=CC=NC(=C1)C(=O)[O-]
AZD5153,CC1C(=O)N(CCN1CCOC2=CC=C(C=C2)C3CCN(CC3)C4=NN5C(=NN=C5OC)C=C4)C
CDK9_5038,Did not work
ERK_2440,Did not work
ERK_6604,Did not work
IRAK4_4710,Did not work
JAK1_8709,Did not work
AZD5991,CC1=C2C(=NN1C)CSCC3=NN(C(=C3)CSC4=CC5=CC=CC=C5C(=C4)OCCCC6=C(N(C7=C6C=CC(=C27)Cl)C)C(=O)O)C
PAK_5339,Did not work
TAF1_5496,Did not work
ULK1_4989,Did not work
IGF1R_3801,Did not work
JAK_8517,Did not work
GSK2256098C,Did not work
GSK2276186C,Did not work
GSK2110183B,CN1C(=C(C=N1)Cl)C2=C(SC(=C2)C(=O)NC(CC3=CC(=CC=C3)F)CN)Cl.Cl
GSK626616AC,Did not work
GSK3337463A,Did not work
GSK2830371A,Did not work
LMB_AB1,Did not work
LMB_AB2,Did not work
LMB_AB3,Did not work
Ibrutinib,C=CC(=O)N1CCCC(C1)N2C3=NC=NC(=C3C(=N2)C4=CC=C(C=C4)OC5=CC=CC=C5)N
Zoledronate,C1=CN(C=N1)CC(O)(P(=O)(O)O)P(=O)(O)O
Acetalax,CC(=O)OC1=CC=C(C=C1)C2(C3=CC=CC=C3NC2=O)C4=CC=C(C=C4)OC(=O)C
Topotecan,CCC1(C2=C(COC1=O)C(=O)N3CC4=CC5=C(C=CC(=C5CN(C)C)O)N=C4C3=C2)O
Teniposide,COC1=CC(=CC(=C1O)OC)C2C3C(COC3=O)C(C4=CC5=C(C=C24)OCO5)OC6C(C(C7C(O6)COC(O7)C8=CC=CS8)O)O
Mitoxantrone,C1=CC(=C2C(=C1NCCNCCO)C(=O)C3=C(C=CC(=C3C2=O)O)O)NCCNCCO
Dactinomycin,CC1C(C(=O)NC(C(=O)N2CCCC2C(=O)N(CC(=O)N(C(C(=O)O1)C(C)C)C)C)C(C)C)NC(=O)C3=C4C(=C(C=C3)C)OC5=C(C(=O)C(=C(C5=N4)C(=O)NC6C(OC(=O)C(N(C(=O)CN(C(=O)C7CCCN7C(=O)C(NC6=O)C(C)C)C)C)C(C)C)C)N)C
Bleomycin,CC1=C(N=C(N=C1N)C(CC(=O)N)NCC(C(=O)N)N)C(=O)NC(C(C2=CN=CN2)OC3C(C(C(C(O3)CO)O)O)OC4C(C(C(C(O4)CO)O)OC(=O)N)O)C(=O)NC(C)C(C(C)C(=O)NC(C(C)O)C(=O)NCCC5=NC(=CS5)C6=NC(=CS6)C(=O)NCCC[S+](C)C)O
Fludarabine,C1=NC2=C(N=C(N=C2N1C3C(C(C(O3)CO)O)O)F)N
Nelarabine,COC1=NC(=NC2=C1N=CN2C3C(C(C(O3)CO)O)O)N
Dacarbazine,CN(C)N=NC1=C(NC=N1)C(=O)N
123829,CC(C[Se]CC(=O)NCCS(=O)(=O)O)C1CCC2C1(C(CC3C2C(CC4C3(CCC(C4)O)C)O)O)C
765771,CC1=CC(=C(C=C1)NC(=O)C2CCCN2C(=O)C3=CC=CS3)C
123138,C[CH2]
Podophyllotoxin bromide,COC1=CC(=CC(=C1OC)OC)C2C3C(COC3=O)C(C4=CC5=C(C=C24)OCO5)Br
50869,C1=CC=C(C=C1)OCCCCCCNN
Dihydrorotenone,CC(C)C1CC2=C(O1)C=CC3=C2OC4COC5=CC(=C(C=C5C4C3=O)OC)OC
720427,CC1CCCN(C1)C(=O)CC2=CC=CC=C2OC
667880,Did not work
Gallibiscoquinazole,COC1=C(C(=C2C(=C1)C(=O)NC(N2)(NC(=O)OC)NC(=O)OC)OC)OC
L-Oxonoreleagnine,C1CNC(=O)C2=C1C3=CC=CC=C3N2
729189,CC1=NN(C2=C1C(=O)CC(C2)(C)C)C3=CC=C(C=C3)F
741909,C1=CC=C2C(=C1)N=C3N2C(=O)C(=CC4=C(C=CC=C4Cl)Cl)S3
743380,COC1=CC(=C(C=C1NS(=O)(=O)C2=CC=C(C=C2)F)OC)Cl
Elephantin,CC(=CC(=O)OC1CC2=CC(CC3(C(O3)C4C1C(=C)C(=O)O4)C)OC2=O)C
150412,CC(CO)(CO)NCC1=CC2=C(C=C1)C3=C(C=C2)C4=CC=CC=C4C=C3
Sinularin,CC1=CCCC(C2CC(CCC3(C(O3)CC1)C)C(=C)C(=O)O2)(C)O
615590,CNC(=O)CSC1=C(NC2=CC=CC=C21)C3=CC=CS3
630600,C1=CC=C(C=C1)C(=CC2=CC=C(C=C2)Br)C3=CC=CC=C3
LMP744,COC1=C(C=C2C(=C1)C3=C(C4=CC5=C(C=C4C3=O)OCO5)N(C2=O)CCCNCCO)OC
776928,COC1=CC=CC(=C1)NC(=S)NC(=O)C=CC2=CC=CO2
Schweinfurthin A,CC(=CCCC(=CCC1=C(C=C(C=C1O)C=CC2=CC3=C(C(=C2)O)OC4(CC(C(C(C4C3)(C)C)O)O)C)O)C)C
BEN,Did not work
Sabutoclax,CC1=CC2=C(C(=C(C=C2C(=C1C3=C(C4=CC(=C(C(=C4C=C3C)C(=O)NCC(C)C5=CC=CC=C5)O)O)O)O)O)O)C(=O)NCC(C)C6=CC=CC=C6
LY2109761,C1CC2=C(C(=NN2C1)C3=CC=CC=N3)C4=C5C=CC(=CC5=NC=C4)OCCN6CCOCC6
OF-1,CC1=C(C=CC(=C1)Br)S(=O)(=O)NC2=CC3=C(C=C2OC)N(C(=O)N3C)C
MN-64,CC(C)C1=CC=C(C=C1)C2=CC(=O)C3=CC=CC=C3O2
KRAS (G12C) Inhibitor-12,C=CC(=O)N1CCN(CC1)C(=O)CNC2=CC(=C(C=C2O)Cl)I
BDP-00009066,Did not work
Ulixertinib,CC(C)NC1=NC=C(C(=C1)C2=CNC(=C2)C(=O)NC(CO)C3=CC(=CC=C3)Cl)Cl
Venetoclax,CC1(CCC(=C(C1)C2=CC=C(C=C2)Cl)CN3CCN(CC3)C4=CC(=C(C=C4)C(=O)NS(=O)(=O)C5=CC(=C(C=C5)NCC6CCOCC6)[N+](=O)[O-])OC7=CN=C8C(=C7)C=CN8)C
ABT737,CN(C)CCC(CSC1=CC=CC=C1)NC2=C(C=C(C=C2)S(=O)(=O)NC(=O)C3=CC=C(C=C3)N4CCN(CC4)CC5=CC=CC=C5C6=CC=C(C=C6)Cl)[N+](=O)[O-]
Afuresertib,CN1C(=C(C=N1)Cl)C2=C(SC(=C2)C(=O)NC(CC3=CC(=CC=C3)F)CN)Cl
AGI-5198,CC1=CC=CC=C1C(C(=O)NC2CCCCC2)N(C3=CC(=CC=C3)F)C(=O)CN4C=CN=C4C
AZD3759,CC1CN(CCN1C(=O)OC2=C(C=C3C(=C2)C(=NC=N3)NC4=C(C(=CC=C4)Cl)F)OC)C
AZD5363,C1CN(CCC1(C(=O)NC(CCO)C2=CC=C(C=C2)Cl)N)C3=NC=NC4=C3C=CN4
AZD8186,CC(C1=CC(=CC2=C1OC(=CC2=O)N3CCOCC3)C(=O)N(C)C)NC4=CC(=CC(=C4)F)F
Osimertinib,CN1C=C(C2=CC=CC=C21)C3=NC(=NC=C3)NC4=C(C=C(C(=C4)NC(=O)C=C)N(C)CCN(C)C)OC
Cediranib,CC1=CC2=C(N1)C=CC(=C2F)OC3=NC=NC4=CC(=C(C=C43)OC)OCCCN5CCCC5
Ipatasertib,CC1CC(C2=C1C(=NC=N2)N3CCN(CC3)C(=O)C(CNC(C)C)C4=CC=C(C=C4)Cl)O
GDC0810,CCC(=C(C1=CC=C(C=C1)C=CC(=O)O)C2=CC3=C(C=C2)NN=C3)C4=C(C=C(C=C4)F)Cl
GNE-317,CC1=C(SC2=C1N=C(N=C2N3CCOCC3)C4=CN=C(N=C4)N)C5(COC5)OC
GSK2578215A,C1=CC=C(C=C1)COC2=C(C=C(C=C2)C3=CC(=NC=C3)F)C(=O)NC4=CN=CC=C4
I-BRD9,CCN1C=C(C2=C(C1=O)C=C(S2)C(=NC3CCS(=O)(=O)CC3)N)C4=CC(=CC=C4)C(F)(F)F
MIRA-1,CCC(=O)OCN1C(=O)C=CC1=O
P22077,CC(=O)C1=CC(=C(S1)SC2=C(C=C(C=C2)F)F)[N+](=O)[O-]
Savolitinib,CC(C1=CN2C=CN=C2C=C1)N3C4=NC(=CN=C4N=N3)C5=CN(N=C5)C
UMI-77,C1=CC=C2C(=C1)C(=CC(=C2O)SCC(=O)O)NS(=O)(=O)C3=CC=C(C=C3)Br
WIKI4,COC1=CC=C(C=C1)N2C(=NN=C2SCCCN3C(=O)C4=CC=CC5=C4C(=CC=C5)C3=O)C6=CC=NC=C6
Sepantronium bromide,CC1=[N+](C2=C(N1CCOC)C(=O)C3=CC=CC=C3C2=O)CC4=NC=CN=C4.[Br-]
MIM1,CC1=CSC(=NC2CCCCC2)N1N=CC3=C(C(=C(C=C3)O)O)O
WEHI-539,C1CC2=C(C=C(C=C2)C3=NC(=C(S3)CCCOC4=CC=C(C=C4)CN)C(=O)O)C(=NNC5=NC6=CC=CC=C6S5)C1
BPD-00008900,Did not work
N25720-51-A1,Did not work
N27922-53-1,Did not work
N30652-18-1,Did not work
N29087-69-1,Did not work
HKMTI-1-005,Did not work
ICL-SIRT078,COC1=C(C2=CC=CC=C2C=C1)CN3C=NC4=C(C3=O)C5=C(S4)CC(CC5)NCC6=CN=CC=C6
AGK2,C1=CC2=C(C=CC=N2)C(=C1)NC(=O)C(=CC3=CC=C(O3)C4=C(C=CC(=C4)Cl)Cl)C#N
Foretinib,COC1=CC2=C(C=CN=C2C=C1OCCCN3CCOCC3)OC4=C(C=C(C=C4)NC(=O)C5(CC5)C(=O)NC6=CC=C(C=C6)F)F
Pyridostatin,C1=CC=C2C(=C1)C(=CC(=N2)NC(=O)C3=CC(=CC(=N3)C(=O)NC4=NC5=CC=CC=C5C(=C4)OCCN)OCCN)OCCN
AMG-319,CC(C1=C(N=C2C=C(C=CC2=C1)F)C3=CC=CC=N3)NC4=NC=NC5=C4NC=N5
MK-8776,CN1C=C(C=N1)C2=C3N=C(C(=C(N3N=C2)N)Br)C4CCCNC4
Vinorelbine,CCC1=CC2CC(C3=C(CN(C2)C1)C4=CC=CC=C4N3)(C5=C(C=C6C(=C5)C78CCN9C7C(C=CC9)(C(C(C8N6C)(C(=O)OC)O)OC(=O)C)CC)OC)C(=O)OC
Remodelin,C1CCC(=NNC2=NC(=CS2)C3=CC=C(C=C3)C#N)C1
VX-11e,CC1=CN=C(N=C1C2=CNC(=C2)C(=O)NC(CO)C3=CC(=CC=C3)Cl)NC4=C(C=C(C=C4)F)Cl
LJI308,C1COCCN1C2=CC=C(C=C2)C3=C(C=NC=C3)C4=CC(=C(C(=C4)F)O)F
AZ6102,CC1CN(CC(N1)C)C2=NC=C(C(=C2)C)C3=CC=C(C=C3)C4=NC5=C(C=CN5C)C(=O)N4
GSK591,C1CC(C1)NC2=NC=CC(=C2)C(=O)NCC(CN3CCC4=CC=CC=C4C3)O
VE821,CS(=O)(=O)C1=CC=C(C=C1)C2=CN=C(C(=N2)C(=O)NC3=CC=CC=C3)N
VTP-A,Did not work
VTP-B,Did not work
GSK-LSD1-2HCl ,C1CNCCC1NC2CC2C3=CC=CC=C3.Cl.Cl
A-366,COC1=C(C=C2C(=C1)C3(CCC3)C(=N2)N)OCCCN4CCCC4
CPI-637,CC1CC(=O)NC2=CC=CC(=C2N1)C3=CC4=C(C=C3)N(N=C4C5=CN(N=C5)C)C
UNC0379,COC1=C(C=C2C(=C1)C(=NC(=N2)N3CCCC3)NCCCCCN4CCCC4)OC
AT13148,C1=CC(=CC=C1C2=CNN=C2)C(CN)(C3=CC=C(C=C3)Cl)O
PFI-1,CN1CC2=C(C=CC(=C2)NS(=O)(=O)C3=CC=CC=C3OC)NC1=O
IOX2,C1=CC=C(C=C1)CN2C3=CC=CC=C3C(=C(C2=O)C(=O)NCC(=O)O)O
SGC0946,CC(C)N(CCCNC(=O)NC1=CC=C(C=C1)C(C)(C)C)CC2C(C(C(O2)N3C=C(C4=C(N=CN=C43)N)Br)O)O
GSK2830371,CC1=C(C=C(C=N1)Cl)NCC2=CC=C(S2)C(=O)NC(CC3CCCC3)C(=O)NC4CC4
THR-101,Did not work
THR-102,Did not work
THR-103,Did not work
ascorbate (vitamin C),C(C(C1C(=C(C(=O)O1)O)O)O)O
glutathione,C(CC(=O)NC(CS)C(=O)NCC(=O)O)C(C(=O)O)N
alpha-lipoic acid,C1CSSC1CCCCC(=O)O
N-acetyl cysteine,CC(=O)NC(CS)C(=O)O
AEW541,C1CN(C1)CC2CC(C2)N3C=C(C4=C(N=CN=C43)N)C5=CC(=CC=C5)OCC6=CC=CC=C6
17-AAG,CC1CC(C(C(C=C(C(C(C=CC=C(C(=O)NC2=CC(=O)C(=C(C1)C2=O)NCC=C)C)OC)OC(=O)N)C)C)O)OC
PHA-665752,CC1=C(NC(=C1C(=O)N2CCCC2CN3CCCC3)C)C=C4C5=C(C=CC(=C5)S(=O)(=O)CC6=C(C=CC=C6Cl)Cl)NC4=O
Nutlin-3,CC(C)OC1=C(C=CC(=C1)OC)C2=NC(C(N2C(=O)N3CCNC(=O)C3)C4=CC=C(C=C4)Cl)C5=CC=C(C=C5)Cl
AZD0530,CN1CCN(CC1)CCOC2=CC3=C(C(=C2)OC4CCOCC4)C(=NC=N3)NC5=C(C=CC6=C5OCO6)Cl
PF2341066,CC(C1=C(C=CC(=C1Cl)F)Cl)OC2=C(N=CC(=C2)C3=CN(N=C3)C4CCNCC4)N
ZD-6474,CN1CCC(CC1)COC2=C(C=C3C(=C2)N=CN=C3NC4=C(C=C(C=C4)Br)F)OC
Panobinostat,CC1=C(C2=CC=CC=C2N1)CCNCC3=CC=C(C=C3)C=CC(=O)NO
LBW242,CC(C(=O)NC(C1CCCCC1)C(=O)N2CCC3C2CN(CC3)CCC4=CC=CC=C4)NC
PD-0325901,C1=CC(=C(C=C1I)F)NC2=C(C=CC(=C2F)F)C(=O)NOCC(CO)O
PD-0332991,CC1=C(C(=O)N(C2=NC(=NC=C12)NC3=NC=C(C=C3)N4CCNCC4)C5CCCC5)C(=O)C
AZD6244,CN1C=NC2=C1C=C(C(=C2F)NC3=C(C=C(C=C3)Br)Cl)C(=O)NOCCO
PLX4720,CCCS(=O)(=O)NC1=C(C(=C(C=C1)F)C(=O)C2=CNC3=C2C=C(C=N3)Cl)F
TKI258,CN1CCN(CC1)C2=CC3=C(C=C2)N=C(N3)C4=C(C5=C(C=CC=C5F)NC4=O)N